A1A546	Isx	NA	has_regulation_target(MGI:MGI:1926923)
A1E5L0	Cytl1	UP	regulates_o_occurs_in(EMAPA:17412),regulates_o_occurs_in(CL:0000134),has_regulation_target(MGI:MGI:2684993)|regulates_o_occurs_in(EMAPA:17412),regulates_o_occurs_in(CL:0000134),has_regulation_target(MGI:MGI:96432)
A2AJK6	Chd7	UP	regulates_o_occurs_in(EMAPA:16105),has_regulation_target(MGI:MGI:1315205),has_regulation_target(MGI:MGI:1890110),has_regulation_target(MGI:MGI:2679448),has_regulation_target(MGI:MGI:2443198),has_regulation_target(MGI:MGI:107558),has_regulation_target(MGI:MGI:107557),has_regulation_target(MGI:MGI:1932374),has_regulation_target(MGI:MGI:1338890),has_regulation_target(MGI:MGI:106217),has_regulation_target(MGI:MGI:1309469),has_regulation_target(MGI:MGI:1924007),has_regulation_target(MGI:MGI:99684)
A2BH40	Arid1a	DOWN	has_regulation_target(MGI:MGI:98737)
B1AR10	Mllt6	UP	has_regulation_target(MGI:MGI:101782),has_regulation_target(MGI:MGI:104696),has_regulation_target(MGI:MGI:104695)
B1AXD8	Akirin2	UP	has_regulation_target(MGI:MGI:96559)|has_regulation_target(MGI:MGI:1352450)|has_regulation_target(MGI:MGI:98262)|has_regulation_target(MGI:MGI:88140)
B2RUR8	Otud7b	DOWN	has_regulation_target(UniProtKB:P13597)
D2EAC2	Zbed6	DOWN	has_regulation_target(MGI:MGI:96434)
E9PZZ1	Prdm13	DOWN	has_regulation_target(MGI:MGI:1351209)|has_regulation_target(MGI:MGI:98769)
O08574	Mesp2	UP	has_regulation_target(MGI:MGI:1095413)
O08574	Mesp2	UP	has_regulation_target(NCBI_Gene:16848)
O08574	Mesp2	UP	has_regulation_target(MGI:MGI:3614797)|has_regulation_target(MGI:MGI:2685968)
O08580	Esrra	DOWN	has_regulation_target(NCBI_Gene:20750)
O08580	Esrra	UP	has_regulation_target(MGI:MGI:98389)
O08580	Esrra	UP	has_regulation_target(NCBI_Gene:20750)
O08686	Barx2	UP	regulates_o_occurs_in(EMAPA:16408),regulates_o_occurs_in(CL:0000134),has_regulation_target(MGI:MGI:88452)
O08696	Foxm1	UP	has_regulation_target(MGI:MGI:109321)
O08696	Foxm1	UP	has_regulation_target(MGI:MGI:96612)
O08755	Onecut1	NA	regulates_o_occurs_in(EMAPA:16846),has_regulation_target(MGI:MGI:1891012)|regulates_o_occurs_in(EMAPA:16846),has_regulation_target(MGI:MGI:1338033)
O08755	Onecut1	UP	has_regulation_target(MGI:MGI:96612)
O08785	Clock	UP	has_regulation_target(ENSEMBL:ENSMUSG00000020893)
O09100	Gata2	UP	has_regulation_target(MGI:MGI:97606)
O09100	Gata2	UP	has_regulation_target(MGI:MGI:98848)
O09100	Gata2	UP	has_regulation_target(MGI:MGI:97606)
O09130	Nfatc2ip	UP	has_regulation_target(MGI:MGI:1306780)
O35085	Arx	DOWN	has_regulation_target(NCBI_Gene:18506)
O35137	Alx4	NA	has_regulation_target(MGI:MGI:97281)
O35160	Pitx3	UP	has_regulation_target(NCBI_Gene:21823)
O35160	Pitx3	UP	has_regulation_target(NCBI_Gene:21823)
O35426	Xbp1	NA	has_regulation_target(MGI:MGI:1915140)
O35437	Tcf21	DOWN	has_regulation_target(UniProtKB:P33242)
O35607	Bmpr2	UP	has_regulation_target(UniProtKB:Q62009),occurs_in(UBERON:0005967)
O35615	Zfpm1	UP	has_regulation_target(MGI:MGI:97308)
O35690	Phox2b	UP	has_regulation_target(UniProtKB:Q05754)
O35738	Klf12	UP	has_regulation_target(MGI:MGI:1351653)
O35984	Pbx2	UP	has_regulation_target(MGI:MGI:98297)
O54751	Crx	UP	has_regulation_target(MGI:MGI:99438)
O54751	Crx	UP	has_regulation_target(MGI:MGI:97914)
O54751	Crx	UP	has_regulation_target(MGI:MGI:97914)|has_regulation_target(MGI:MGI:1097692)|has_regulation_target(MGI:MGI:99438)
O54751	Crx	UP	has_regulation_target(MGI:MGI:2443398)
O54790	Mafg	NA	has_regulation_target(NCBI_Gene:17134)
O54790	Mafg	UP	has_regulation_target(NCBI_Gene:18104)
O54908	Dkk1	DOWN	has_regulation_target(MGI:MGI:98297)|has_regulation_target(MGI:MGI:88180)|has_regulation_target(MGI:MGI:105373)
O54908	Dkk1	DOWN	has_regulation_target(MGI:MGI:97350)|has_regulation_target(MGI:MGI:97255)
O55087	Mef2b	UP	has_regulation_target(NCBI_Gene:12715)
O55187	Cbx4	DOWN	has_regulation_target(MGI:MGI:95707)
O70220	Foxq1	DOWN	has_regulation_target(NCBI_Gene:21345)
O70326	Grem1	UP	has_regulation_target(UniProtKB:P38936)
O70433	Fhl2	NA	has_regulation_target(MGI:MGI:1352460)
O70477	Pknox1	UP	has_regulation_target(MGI:MGI:96182)
O88470	Foxl2	DOWN	has_regulation_target(MGI:MGI:2176159)
O88508	Dnmt3a	DOWN	has_regulation_target(MGI:MGI:97171)
O88509	Dnmt3b	DOWN	has_regulation_target(MGI:MGI:2684974)
O88559	Men1	DOWN	occurs_in(CL:0000057),has_regulation_target(MGI:MGI:96437)
O88559	Men1	UP	has_regulation_target(MGI:MGI:104565)|has_regulation_target(MGI:MGI:105388)
O88559	Men1	UP	has_regulation_target(MGI:MGI:96180)
O88609	Lmx1b	NA	occurs_at(SO:0000167),has_input(ENSEMBL:ENSMUSG00000026686)|occurs_at(SO:0000167),has_input(ENSEMBL:ENSMUSG00000026826)|occurs_at(SO:0000167),has_input(ENSEMBL:ENSMUSG00000022997)|occurs_at(SO:0000167),has_input(ENSEMBL:ENSMUSG00000025229)|occurs_at(SO:0000167),has_input(ENSEMBL:ENSMUSG00000048450)
O88609	Lmx1b	NA	has_regulation_target(MGI:MGI:106633)
O88609	Lmx1b	UP	has_regulation_target(MGI:MGI:99604)|has_regulation_target(MGI:MGI:95389)|has_regulation_target(MGI:MGI:97486)
O88609	Lmx1b	UP	regulates_transcription_of(ENSEMBL:ENSMUSG00000022997)|regulates_transcription_of(ENSEMBL:ENSMUSG00000025229)|regulates_transcription_of(ENSEMBL:ENSMUSG00000026826)|regulates_transcription_of(ENSEMBL:ENSMUSG00000026686)
O88609	Lmx1b	UP	has_regulation_target(UniProtKB:O70343),occurs_in(UBERON:0001891)|has_regulation_target(UniProtKB:Q61327),occurs_in(UBERON:0001891)|has_regulation_target(UniProtKB:Q06219),occurs_in(UBERON:0001891)|has_regulation_target(UniProtKB:P24529),occurs_in(UBERON:0001891)|has_regulation_target(UniProtKB:Q9R210),occurs_in(UBERON:0001891)|has_regulation_target(UniProtKB:Q8BRU6),occurs_in(UBERON:0001891)|occurs_in(UBERON:0001891),has_regulation_target(UniProtKB:P14873)|occurs_in(UBERON:0001891),has_regulation_target(UniProtKB:Q9D906)|occurs_in(UBERON:0001891),has_regulation_target(UniProtKB:O88597)|occurs_in(UBERON:0001891),has_regulation_target(UniProtKB:Q91YI1)|occurs_in(UBERON:0001891),has_regulation_target(UniProtKB:Q64337)|occurs_in(UBERON:0001891),has_regulation_target(UniProtKB:Q9CQV6)|occurs_in(UBERON:0001891),has_regulation_target(UniProtKB:P11438)|occurs_in(UBERON:0001891),has_regulation_target(UniProtKB:P17047)|occurs_in(UBERON:0001891),has_regulation_target(UniProtKB:P10605)|occurs_in(UBERON:0001891),has_regulation_target(UniProtKB:P18242)|occurs_in(UBERON:0001891),has_regulation_target(UniProtKB:P33173)|occurs_in(UBERON:0001891),has_regulation_target(UniProtKB:O88447)|occurs_in(UBERON:0001891),has_regulation_target(UniProtKB:Q9JHU4)|occurs_in(UBERON:0001891),has_regulation_target(UniProtKB:O08788)|occurs_in(UBERON:0001891),has_regulation_target(UniProtKB:Q8R307)|occurs_in(UBERON:0001891),has_regulation_target(UniProtKB:Q63943)|occurs_in(UBERON:0001891),has_regulation_target(UniProtKB:Q9R1E0)|occurs_in(UBERON:0001891),has_regulation_target(UniProtKB:Q9WVH4)|occurs_in(UBERON:0001891),has_regulation_target(UniProtKB:Q06507)
O88712	Ctbp1	DOWN	has_regulation_target(MGI:MGI:95707)
O88898	Tp63	DOWN	occurs_in(CL:0000312),has_regulation_target(MGI:MGI:104853)
O88898	Tp63	UP	regulates_o_occurs_in(EMAPA:17528),has_regulation_target(MGI:MGI:104627)
O88898	Tp63	UP	has_regulation_target(MGI:MGI:96688)
O88898	Tp63	UP	regulates_o_occurs_in(EMAPA:17528),regulates_o_occurs_in(CL:0000312),has_regulation_target(MGI:MGI:99484)
O88898	Tp63	UP	regulates_o_occurs_in(CL:0000312),has_regulation_target(MGI:MGI:1918588)
O88898	Tp63	UP	has_regulation_target(MGI:MGI:101926)|has_regulation_target(MGI:MGI:101927)
O88898	Tp63	UP	regulates_o_occurs_in(EMAPA:32744),has_regulation_target(MGI:MGI:101926)|has_regulation_target(MGI:MGI:101926),has_regulation_target(MGI:MGI:94901),has_regulation_target(MGI:MGI:94902),has_regulation_target(MGI:MGI:101927),has_regulation_target(MGI:MGI:1929938),regulates_o_occurs_in(EMAPA:16779)
O88939	Zbtb7a	DOWN	has_regulation_target(MGI:MGI:104738)|has_regulation_target(MGI:MGI:104738)
O88940	Msc	DOWN	has_regulation_target(NCBI_Gene:12715)
O88940	Msc	DOWN	has_regulation_target(NCBI_Gene:12715)
O88942	Nfatc1	DOWN	regulates_o_occurs_in(EMAPA:18771),occurs_in(EMAPA:18771),has_regulation_target(MGI:MGI:88357)
O88942	Nfatc1	DOWN	occurs_in(CL:0000062),regulates_o_occurs_in(CL:0000062),has_regulation_target(MGI:MGI:88156)
O88942	Nfatc1	DOWN	has_regulation_target(MGI:MGI:105070),occurs_in(CL:0000189),regulates_o_occurs_in(CL:0000189)
O88942	Nfatc1	UP	has_regulation_target(MGI:MGI:104631)
O88942	Nfatc1	UP	has_regulation_target(NCBI_Gene:1513)
O88942	Nfatc1	UP	occurs_in(CL:0002138),regulates_o_occurs_in(CL:0002138),has_regulation_target(MGI:MGI:95524)|has_regulation_target(MGI:MGI:103098),occurs_in(CL:0002138),regulates_o_occurs_in(CL:0002138)
O89090	Sp1	UP	has_regulation_target(MGI:MGI:94909)
O89090	Sp1	UP	has_regulation_target(MGI:MGI:88467)
P01101	Fos	UP	regulates_o_occurs_in(CL:0000057),has_regulation_target(MGI:MGI:107179)
P01108	Myc	DOWN	has_regulation_target(MGI:MGI:1345275)
P01108	Myc	UP	regulates_o_occurs_in(EMAPA:18603),regulates_o_occurs_in(CL:0000192),has_regulation_target(MGI:MGI:97611)
P01108	Myc	UP	regulates_transcription_of(MGI:MGI:95305)|regulates_transcription_of(MGI:MGI:88357)|regulates_transcription_of(MGI:MGI:3039376)|regulates_transcription_of(MGI:MGI:95295)
P01326	Ins2	DOWN	has_regulation_target(MGI:MGI:95607)
P02104	Hbb-y	DOWN	has_regulation_target(MGI:MGI:96023)
P02340	Tp53	UP	occurs_in(CL:0000018),has_regulation_target(MGI:MGI:1920722)
P02340	Tp53	UP	has_regulation_target(MGI:MGI:108027)
P02340	Tp53	UP	has_regulation_target(MGI:MGI:1930146)
P02340	Tp53	UP	has_regulation_target(MGI:MGI:2442860)
P04202	Tgfb1	DOWN	has_regulation_target(MGI:MGI:87951)
P04202	Tgfb1	UP	has_regulation_target(MGI:MGI:1100518)
P04202	Tgfb1	UP	has_regulation_target(MGI:MGI:1891436)
P04426	Wnt1	UP	regulates_transcription_of(ENSEMBL:ENSMUSG00000021848),part_of(GO:0060070),part_of(GO:0071542)|regulates_transcription_of(ENSEMBL:ENSMUSG00000025229)|regulates_transcription_of(ENSEMBL:ENSMUSG00000026686)
P05017	Igf1	UP	has_regulation_target(MGI:MGI:97276)
P05627	Jun	UP	has_regulation_target(MGI:MGI:96184)
P06467	Hbz	DOWN	occurs_in(CL:0000232),has_regulation_target(MGI:MGI:95662)|occurs_in(CL:0000232),has_regulation_target(MGI:MGI:97249)|occurs_in(CL:0000038),has_regulation_target(MGI:MGI:95662)|occurs_in(CL:0000038),has_regulation_target(MGI:MGI:97249)
P06804	Tnf	DOWN	has_regulation_target(UniProtKB:Q91V88)|has_regulation_target(UniProtKB:P09242)
P06804	Tnf	UP	has_regulation_target(MGI:MGI:98259)
P06876	Myb	UP	has_regulation_target(NCBI_Gene:19374)
P07750	Il4	UP	regulates_o_occurs_in(CL:0000788),has_regulation_target(MGI:MGI:102969)
P07750	Il4	UP	has_regulation_target(MGI:MGI:95663)
P08046	Egr1	UP	has_regulation_target(NCBI_Gene:14281)
P08152	Egr2	UP	has_regulation_target(MGI:MGI:96183)
P08505	Il6	UP	has_regulation_target(UniProtKB:Q9EQ21),part_of(GO:0070102)
P09026	Hoxb3	DOWN	has_regulation_target(MGI:MGI:96182)
P09079	Hoxb5	UP	has_regulation_target(UniProtKB:P35918)
P09084	Pax1	NA	has_regulation_target(NCBI_Gene:12020)
P09631	Hoxa9	UP	has_regulation_target(NCBI_Gene:18712)
P09631	Hoxa9	UP	has_regulation_target(NCBI_Gene:5292)
P09632	Hoxb8	DOWN	has_regulation_target(NCBI_Gene:81633)
P10085	Myod1	UP	has_regulation_target(MGI:MGI:104564),has_regulation_target(MGI:MGI:1861447),has_regulation_target(MGI:MGI:1339467),occurs_in(CL:0000056),regulates_o_occurs_in(CL:0000056)
P10085	Myod1	UP	has_regulation_target(MGI:MGI:1919580)
P10085	Myod1	UP	has_regulation_target(MGI:MGI:109617)
P10085	Myod1	UP	has_regulation_target(MGI:MGI:1916813)
P10711	Tcea1	UP	has_regulation_target(MGI:MGI:88139)
P10754	Zfp13	DOWN	has_regulation_target(NCBI_Gene:360463)
P10754	Zfp13	NA	has_regulation_target(NCBI_Gene:360463)
P10754	Zfp13	DOWN	has_regulation_target(NCBI_Gene:360463)
P10855	Ccl3	UP	has_regulation_target(UniProtKB:P05555)|has_regulation_target(UniProtKB:P06804)
P11403	Fgf4	UP	has_regulation_target(MGI:MGI:97168)
P11416	Rara	DOWN	has_regulation_target(MGI:MGI:101893)
P11416	Rara	NA	has_direct_input(MGI:MGI:97587)
P11416	Rara	UP	has_regulation_target(MGI:MGI:107461)
P12023	App	UP	has_regulation_target(MGI:MGI:97004)
P12813	Nr4a1	UP	has_regulation_target(MGI:MGI:88586)
P12979	Myog	UP	has_regulation_target(MGI:MGI:1919580)
P12979	Myog	UP	has_regulation_target(MGI:MGI:107570)
P12979	Myog	UP	has_regulation_target(MGI:MGI:109617)
P12979	Myog	UP	has_regulation_target(NCBI_Gene:13046)
P13297	Msx1	DOWN	occurs_in(EMAPA:17536),occurs_in(CL:0000117),has_regulation_target(MGI:MGI:95789)
P13297	Msx1	NA	has_regulation_target(MGI:MGI:95713)
P13297	Msx1	UP	has_regulation_target(MGI:MGI:107917)
P13297	Msx1	UP	regulates_o_occurs_in(EMAPA:17917),regulates_o_occurs_in(CL:0000134),has_regulation_target(MGI:MGI:88180)|regulates_o_occurs_in(EMAPA:17917),regulates_o_occurs_in(CL:0000134),has_regulation_target(MGI:MGI:96770)|regulates_o_occurs_in(EMAPA:17917),regulates_o_occurs_in(CL:0000134),has_regulation_target(MGI:MGI:1349162)
P13405	Rb1	DOWN	has_regulation_target(MGI:MGI:1343102)
P13864	Dnmt1	DOWN	occurs_in(EMAPA:16052),has_regulation_target(MGI:MGI:105113)
P13864	Dnmt1	DOWN	has_regulation_target(MGI:MGI:892014),has_regulation_target(MGI:MGI:95484)
P14404	Mecom	UP	has_regulation_target(MGI:MGI:95662)
P14404	Mecom	UP	has_regulation_target(NCBI_Gene:14461)
P14404	Mecom	UP	has_regulation_target(NCBI_Gene:11600)|has_regulation_target(NCBI_Gene:11601)|has_regulation_target(NCBI_Gene:14460)|has_regulation_target(NCBI_Gene:14461)|has_regulation_target(NCBI_Gene:21687)
P15314	Irf1	UP	regulates_o_occurs_in(CL:0000312),has_regulation_target(MGI:MGI:1355313)
P15375	Myf6	UP	has_regulation_target(MGI:MGI:1919580)
P15806	Tcf3	UP	has_regulation_target(NCBI_Gene:12518)
P15806	Tcf3	UP	has_regulation_target(NCBI_Gene:20289)
P15806	Tcf3	NA	has_regulation_target(NCBI_Gene:16333)
P17095	Hmga1	UP	has_regulation_target(MGI:MGI:88311)
P17095	Hmga1	UP	has_direct_input(ENSEMBL:ENSMUSG00000024990),occurs_in(GO:0005634),part_of(GO:0019933)
P17095	Hmga1	UP	regulates_transcription_of(ENSEMBL:ENSMUSG00000024990),occurs_in(GO:0005634),part_of(GO:0019933)
P17208	Pou4f1	UP	has_regulation_target(NCBI_Gene:18211)
P17433	Spi1	DOWN	has_regulation_target(NCBI_Gene:12479)
P17433	Spi1	NA	has_regulation_target(UniProtKB:Q3UV74),has_regulation_target(UniProtKB:P11835)
P17433	Spi1	NA	has_regulation_target(UniProtKB:P11835),has_regulation_target(UniProtKB:Q3UV74)
P17433	Spi1	UP	has_regulation_target(NCBI_Gene:1513)
P17679	Gata1	DOWN	occurs_in(CL:0000451),has_regulation_target(MGI:MGI:98282)
P17679	Gata1	UP	has_regulation_target(MGI:MGI:97308)
P17679	Gata1	UP	has_regulation_target(MGI:MGI:101875)
P17679	Gata1	UP	regulates_o_occurs_in(CL:0000451),has_regulation_target(MGI:MGI:107656)
P17679	Gata1	UP	occurs_in(CL:0000764),has_input(ENSEMBL:ENST00000252951)
P17679	Gata1	UP	has_regulation_target(MGI:MGI:1342771)
P17679	Gata1	UP	has_regulation_target(MGI:MGI:97308)
P17679	Gata1	UP	has_regulation_target(MGI:MGI:101875)
P18111	Cdx1	UP	has_regulation_target(MGI:MGI:96179)
P18911	Rarg	DOWN	has_regulation_target(MGI:MGI:101893)
P18911	Rarg	NA	has_direct_input(MGI:MGI:97857)
P19091	Ar	UP	regulates_o_occurs_in(CL:0000216),occurs_in(CL:0000216),has_regulation_target(MGI:MGI:97538)
P20060	Hexb	UP	has_regulation_target(UniProtKB:P10855)
P20181	Ntf3	UP	has_regulation_target(MGI:MGI:99254)
P20263	Pou5f1	UP	has_regulation_target(NCBI_Gene:22286)
P20263	Pou5f1	UP	has_regulation_target(MGI:MGI:101893)|has_regulation_target(MGI:MGI:98364)
P20263	Pou5f1	UP	has_regulation_target(MGI:MGI:98389)
P20722	Bmp6	DOWN	occurs_in(UBERON:0002114),has_regulation_target(UniProtKB:Q925G2)|occurs_in(UBERON:0002114),has_regulation_target(UniProtKB:P49282)|occurs_in(UBERON:0002114),has_regulation_target(UniProtKB:Q9JHI9)
P20722	Bmp6	UP	occurs_in(UBERON:0002107),has_regulation_target(UniProtKB:Q9EQ21)|occurs_in(UBERON:0002107),has_regulation_target(UniProtKB:P20067)|occurs_in(UBERON:0002107),has_regulation_target(UniProtKB:O35253)|occurs_in(UBERON:0002107),has_regulation_target(UniProtKB:Q99NA2)
P21274	Bmp2	DOWN	has_regulation_target(MGI:MGI:97485)
P21274	Bmp2	UP	has_regulation_target(MGI:MGI:95574)
P21274	Bmp2	UP	regulates_o_occurs_in(EMAPA:16546),has_regulation_target(MGI:MGI:102469)|regulates_o_occurs_in(EMAPA:16546),has_regulation_target(MGI:MGI:98872)|regulates_o_occurs_in(EMAPA:16546),has_regulation_target(MGI:MGI:97168)|regulates_o_occurs_in(EMAPA:16546),has_regulation_target(MGI:MGI:97169)|regulates_o_occurs_in(EMAPA:16546),has_regulation_target(MGI:MGI:1336883)|regulates_o_occurs_in(EMAPA:16546),has_regulation_target(MGI:MGI:97363)|regulates_o_occurs_in(EMAPA:16546),has_regulation_target(MGI:MGI:98330)|regulates_o_occurs_in(EMAPA:16546),has_regulation_target(MGI:MGI:98494)|regulates_o_occurs_in(EMAPA:16546),has_regulation_target(MGI:MGI:107821)
P21274	Bmp2	UP	has_regulation_target(MGI:MGI:97362)
P21274	Bmp2	UP	has_input(UniProtKB:Q01705)
P21274	Bmp2	UP	has_regulation_target(MGI:MGI:97168)|has_regulation_target(MGI:MGI:97169)
P21274	Bmp2	UP	has_regulation_target(MGI:MGI:97168)
P21275	Bmp4	DOWN	has_regulation_target(UniProtKB:P23359)
P21275	Bmp4	DOWN	has_regulation_target(MGI:MGI:97485)
P21275	Bmp4	UP	has_regulation_target(UniProtKB:P97474)|has_regulation_target(UniProtKB:Q62181)|has_regulation_target(UniProtKB:Q61039)|has_regulation_target(UniProtKB:Q64279)
P21275	Bmp4	UP	has_regulation_target(MGI:MGI:88313)|has_regulation_target(MGI:MGI:96396)|has_regulation_target(MGI:MGI:96397)|has_regulation_target(MGI:MGI:96398)
P21275	Bmp4	UP	has_regulation_target(MGI:MGI:2442819)
P21275	Bmp4	UP	has_regulation_target(MGI:MGI:97168)|has_regulation_target(MGI:MGI:97169)|has_regulation_target(MGI:MGI:95295)|has_regulation_target(MGI:MGI:88180)
P21275	Bmp4	UP	has_regulation_target(MGI:MGI:97168)|has_regulation_target(MGI:MGI:97169)
P21275	Bmp4	UP	regulates_o_occurs_in(EMAPA:32906),regulates_o_occurs_in(CL:0000134),has_regulation_target(MGI:MGI:88180)|regulates_o_occurs_in(EMAPA:32906),regulates_o_occurs_in(CL:0000134),has_regulation_target(MGI:MGI:96770)
P21275	Bmp4	UP	has_regulation_target(MGI:MGI:97168)|has_regulation_target(MGI:MGI:97169)
P21552	Wnt2	UP	has_regulation_target(MGI:MGI:107516)
P22091	Tal1	NA	occurs_in(CL:0002355),has_regulation_target(MGI:MGI:98480)
P22227	Zfp42	UP	has_regulation_target(NCBI_Gene:12702)
P22361	Hnf1a	NA	has_regulation_target(MGI:MGI:95607)
P22361	Hnf1a	UP	has_regulation_target(MGI:MGI:97770)
P22561	Wt1	UP	has_regulation_target(UniProtKB:Q63934)
P22561	Wt1	UP	has_regulation_target(UniProtKB:Q8K007)
P22561	Wt1	UP	has_regulation_target(MGI:MGI:97384)
P22561	Wt1	UP	has_regulation_target(UniProtKB:Q8K007)
P22605	Rarb	DOWN	has_regulation_target(MGI:MGI:101893)
P22605	Rarb	NA	has_direct_input(MGI:MGI:97857)
P22893	Zfp36	DOWN	has_regulation_target(UniProtKB:P10855)
P23204	Ppara	UP	occurs_in(EMAPA:16846),occurs_in(EMAPA:16105),has_regulation_target(MGI:MGI:1330812),has_regulation_target(MGI:MGI:87920),has_regulation_target(MGI:MGI:1914218)
P23204	Ppara	UP	has_regulation_target(MGI:MGI:1914218),has_regulation_target(MGI:MGI:87920),has_regulation_target(MGI:MGI:1330812),occurs_in(EMAPA:16105),occurs_in(EMAPA:16846)
P23708	Nfya	UP	has_regulation_target(NCBI_Gene:18285)
P23772	Gata3	DOWN	has_regulation_target(MGI:MGI:103038)|has_regulation_target(MGI:MGI:103062)|has_regulation_target(MGI:MGI:102463)|has_regulation_target(MGI:MGI:104856)
P23772	Gata3	UP	has_regulation_target(MGI:MGI:97606)
P23772	Gata3	NA	has_regulation_target(MGI:MGI:101926)|has_regulation_target(MGI:MGI:103580)
P23772	Gata3	UP	has_regulation_target(MGI:MGI:102755)
P23772	Gata3	UP	has_regulation_target(MGI:MGI:103060)
P23772	Gata3	UP	has_regulation_target(MGI:MGI:1919404)
P23772	Gata3	UP	has_regulation_target(MGI:MGI:97606)
P24610	Pax3	NA	has_regulation_target(MGI:MGI:102563)
P24610	Pax3	UP	has_regulation_target(MGI:MGI:104554)
P24699	Myf5	UP	has_regulation_target(MGI:MGI:1919580)
P25233	Ndn	UP	has_regulation_target(MGI:MGI:97250)
P25233	Ndn	UP	occurs_in(CL:1001225),has_direct_input(MGI:MGI:97250)
P25425	Pou2f1	UP	regulates_o_occurs_in(EMAPA:17536),regulates_o_occurs_in(CL:0000117),has_regulation_target(MGI:MGI:95789)
P25799	Nfkb1	UP	has_regulation_target(MGI:MGI:1278325)
P25799	Nfkb1	UP	has_regulation_target(MGI:MGI:95663)
P25799	Nfkb1	UP	has_regulation_target(MGI:MGI:96541)
P25916	Bmi1	DOWN	has_regulation_target(MGI:MGI:892014),has_regulation_target(MGI:MGI:95484)
P26323	Fli1	UP	has_regulation_target(NCBI_Gene:14247)
P26450	Pik3r1	UP	regulates_o_occurs_in(CL:0000057),has_regulation_target(MGI:MGI:104798)
P26687	Twist1	UP	has_regulation_target(MGI:MGI:3052332)|has_regulation_target(MGI:MGI:3618742)|has_regulation_target(MGI:MGI:2676890)
P27467	Wnt3a	UP	regulates_o_occurs_in(CL:0002322),has_regulation_target(MGI:MGI:107543)
P27467	Wnt3a	UP	regulates_transcription_of(ENSEMBL:ENSMUSG00000020866),occurs_in(UBERON:0004703)
P27577	Ets1	UP	has_regulation_target(NCBI_Gene:53313)
P27577	Ets1	UP	has_regulation_target(MGI:MGI:96683)
P27782	Lef1	DOWN	has_regulation_target(MGI:MGI:1914487)
P27782	Lef1	NA	has_regulation_target(MGI:MGI:97281)
P27782	Lef1	UP	has_regulation_target(NCBI_Gene:19374)
P27782	Lef1	UP	has_regulation_target(MGI:MGI:104659)
P27889	Hnf1b	DOWN	has_regulation_target(MGI:MGI:98297)
P27889	Hnf1b	UP	has_regulation_target(MGI:MGI:104555)
P27889	Hnf1b	UP	has_regulation_target(MGI:MGI:96086)|has_regulation_target(MGI:MGI:87991)|has_regulation_target(MGI:MGI:1328312)|has_regulation_target(MGI:MGI:1347472)|has_regulation_target(MGI:MGI:1347476)|has_regulation_target(MGI:MGI:1347477)|has_regulation_target(MGI:MGI:98865)
P28033	Cebpb	NA	occurs_in(CL:0002548),has_direct_input(ENSEMBL:ENSMUSG00000022607)
P28033	Cebpb	UP	occurs_in(CL:0000312),has_regulation_target(MGI:MGI:96685)|occurs_in(CL:0000312),has_regulation_target(MGI:MGI:104671)
P28033	Cebpb	UP	regulates_o_occurs_in(EMAPA:32874),has_regulation_target(MGI:MGI:88052)
P28033	Cebpb	UP	regulates_transcription_of(ENSEMBL:ENSMUSG00000022607),occurs_in(CL:0002548)
P28359	Hoxd10	NA	has_regulation_target(NCBI_Gene:19701)
P28359	Hoxd10	UP	has_regulation_target(NCBI_Gene:19701)
P28359	Hoxd10	UP	has_regulation_target(NCBI_Gene:19701)
P28359	Hoxd10	UP	has_regulation_target(MGI:MGI:98297)
P31245	Hoxa2	DOWN	has_regulation_target(MGI:MGI:102778)
P31266	Rbpj	DOWN	has_input(UniProtKB:P55284)
P31266	Rbpj	DOWN	has_input(UniProtKB:P54761)
P31266	Rbpj	UP	has_input(UniProtKB:Q9JI71),occurs_in(UBERON:0002165)|has_input(UniProtKB:Q61483),occurs_in(UBERON:0000948)|has_input(UniProtKB:Q01705),occurs_in(UBERON:0000948)|has_input(UniProtKB:Q61982),occurs_in(UBERON:0000948)|has_input(UniProtKB:Q9WV93),occurs_in(UBERON:0002165)|has_input(UniProtKB:Q02085),occurs_in(UBERON:0000948)
P31266	Rbpj	UP	has_input(UniProtKB:P52800),occurs_in(UBERON:0002165)|has_input(UniProtKB:O35393),occurs_in(UBERON:0002087)|has_input(UniProtKB:Q9R229),occurs_in(UBERON:0004124)|has_input(UniProtKB:D3Z1W3),occurs_in(UBERON:0001081)
P31266	Rbpj	UP	occurs_in(UBERON:0003930),has_input(UniProtKB:Q9QUS4)
P31266	Rbpj	UP	occurs_in(UBERON:0004160),has_input(UniProtKB:Q02085)|has_input(UniProtKB:Q9QUS4),occurs_in(UBERON:0004160)|has_input(UniProtKB:P35428),occurs_in(UBERON:0004160)
P31315	Gsx1	UP	has_regulation_target(NCBI_Gene:29446)
P31315	Gsx1	UP	has_regulation_target(NCBI_Gene:29446)
P31315	Gsx1	UP	regulates_o_occurs_in(EMAPA:17536),has_regulation_target(MGI:MGI:95709)
P32114	Pax2	UP	has_regulation_target(NCBI_Gene:14573)
P32114	Pax2	UP	has_regulation_target(MGI:MGI:1343102)
P32115	Pax4	DOWN	has_regulation_target(NCBI_Gene:11878)
P32442	Meox1	UP	has_regulation_target(MGI:MGI:97350)
P32442	Meox1	UP	has_regulation_target(NCBI_Gene:12020)
P33242	Nr5a1	UP	has_regulation_target(MGI:MGI:1352460)
P33242	Nr5a1	UP	has_regulation_target(MGI:MGI:88006)
P33242	Nr5a1	UP	has_regulation_target(MGI:MGI:108395)
P33242	Nr5a1	UP	has_regulation_target(MGI:MGI:2176159)
P33242	Nr5a1	UP	has_regulation_target(MGI:MGI:2176159)
P34056	Tfap2a	DOWN	has_regulation_target(UniProtKB:P21274)
P34056	Tfap2a	DOWN	has_regulation_target(MGI:MGI:94909)
P34056	Tfap2a	UP	has_regulation_target(MGI:MGI:96174)
P35396	Ppard	DOWN	regulates_transcription_of(ENSEMBL:ENSMUSG00000093007)
P35428	Hes1	DOWN	occurs_in(EMAPA:17523),has_regulation_target(MGI:MGI:104565)|occurs_in(EMAPA:16846),has_regulation_target(MGI:MGI:104565)|occurs_in(EMAPA:16894),has_regulation_target(MGI:MGI:104565)
P35428	Hes1	DOWN	has_input(UniProtKB:P46414),occurs_in(UBERON:0009889)
P35428	Hes1	UP	occurs_in(UBERON:0002539),has_input(UniProtKB:P62965)
P35438	Grin1	UP	regulates_o_occurs_in(EMAPA:17787),regulates_o_occurs_in(CL:0000117),has_regulation_target(MGI:MGI:102935)
P35582	Foxa1	UP	has_regulation_target(MGI:MGI:95674)
P35583	Foxa2	UP	has_regulation_target(MGI:MGI:1888519)
P35583	Foxa2	NA	occurs_in(EMAPA:32874),has_regulation_target(MGI:MGI:88052)
P35583	Foxa2	NA	has_regulation_target(MGI:MGI:102851)
P35583	Foxa2	UP	regulates_o_occurs_in(EMAPA:32874),has_regulation_target(MGI:MGI:88052)
P35583	Foxa2	UP	has_regulation_target(MGI:MGI:98962)
P35583	Foxa2	UP	has_regulation_target(MGI:MGI:1888519)|has_regulation_target(MGI:MGI:1100513)|has_regulation_target(MGI:MGI:1349451)
P35583	Foxa2	UP	has_regulation_target(MGI:MGI:87951)|has_regulation_target(MGI:MGI:98865)
P36895	Bmpr1a	UP	occurs_in(UBERON:0002133),has_regulation_target(UniProtKB:Q62009)
P36895	Bmpr1a	UP	has_regulation_target(UniProtKB:P41245),occurs_in(UBERON:0004663)|has_regulation_target(UniProtKB:P33434),occurs_in(UBERON:0004663)
P37172	Acvr1	UP	occurs_in(UBERON:0036067),has_regulation_target(UniProtKB:P13297)|occurs_in(UBERON:0036067),has_regulation_target(UniProtKB:Q02085)
P37238	Pparg	UP	occurs_in(CL:0000136),has_regulation_target(MGI:MGI:1916202)
P37238	Pparg	NA	has_regulation_target(MGI:MGI:3029307)
P37238	Pparg	UP	occurs_in(CL:0000136),has_regulation_target(MGI:MGI:2675492)
P40645	Sox6	DOWN	has_regulation_target(NCBI_Gene:15135)
P40645	Sox6	NA	has_regulation_target(NCBI_Gene:15135)
P40645	Sox6	DOWN	has_regulation_target(NCBI_Gene:15135)
P41136	Id2	DOWN	occurs_in(CL:0000337),has_regulation_target(MGI:MGI:104853)
P41139	Id4	DOWN	has_regulation_target(MGI:MGI:109522)|has_regulation_target(MGI:MGI:96925)
P41163	Etv2	UP	has_regulation_target(NCBI_Gene:4312)
P41163	Etv2	UP	has_regulation_target(NCBI_Gene:4312)
P41183	Bcl6	DOWN	has_regulation_target(MGI:MGI:96449)
P41183	Bcl6	DOWN	has_regulation_target(MGI:MGI:96557)
P41183	Bcl6	DOWN	has_regulation_target(NCBI_Gene:16191)
P41183	Bcl6	DOWN	has_regulation_target(MGI:MGI:107936)
P41183	Bcl6	DOWN	has_regulation_target(MGI:MGI:99655)
P41183	Bcl6	DOWN	has_regulation_target(MGI:MGI:96559)
P41183	Bcl6	DOWN	has_regulation_target(MGI:MGI:97312)
P41183	Bcl6	DOWN	has_regulation_target(MGI:MGI:109267)
P41183	Bcl6	DOWN	has_regulation_target(MGI:MGI:1889575)
P41778	Pbx1	UP	occurs_in(EMAPA:18659),occurs_in(CL:0000134),has_regulation_target(MGI:MGI:104737)
P41778	Pbx1	UP	has_regulation_target(NCBI_Gene:6658)
P42227	Stat3	UP	has_regulation_target(MGI:MGI:107364)
P42228	Stat4	NA	has_regulation_target(NCBI_Gene:5551)
P42228	Stat4	UP	has_regulation_target(MGI:MGI:107364)
P42228	Stat4	UP	has_regulation_target(NCBI_Gene:15978)
P42230	Stat5a	NA	has_regulation_target(MGI:MGI:1342772)|has_regulation_target(MGI:MGI:103060)
P42230	Stat5a	UP	has_regulation_target(NCBI_Gene:218772)
P42230	Stat5a	UP	has_regulation_target(MGI:MGI:95663)
P42582	Nkx2-5	UP	has_direct_input(ENSEMBL:ENSMUSG00000065592),has_direct_input(ENSEMBL:ENSMUSG00000065445)
P42582	Nkx2-5	NA	has_regulation_target(MGI:MGI:2137495)
P42582	Nkx2-5	UP	has_regulation_target(ENSEMBL:ENSMUSG00000020866),occurs_in(UBERON:0000948),part_of(GO:1903779)|has_regulation_target(ENSEMBL:ENSMUSG00000024112),occurs_in(UBERON:0000948),part_of(GO:1903779)|has_regulation_target(ENSEMBL:ENSMUSG00000032511),occurs_in(UBERON:0000948),part_of(GO:1903779)|has_regulation_target(ENSEMBL:ENSMUSG00000021313),occurs_in(UBERON:0000948),part_of(GO:1903779)|has_regulation_target(ENSEMBL:ENSMUSG00000039639),occurs_in(UBERON:0000948),part_of(GO:1903779)|has_regulation_target(ENSEMBL:ENSMUSG00000059325),occurs_in(UBERON:0000948),part_of(GO:1903779)
P42586	Nkx2-2	UP	has_regulation_target(MGI:MGI:97623)
P42586	Nkx2-2	UP	has_regulation_target(MGI:MGI:102851)
P43021	Nodal	DOWN	occurs_in(CL:0000351),has_regulation_target(MGI:MGI:97606)|occurs_in(CL:0000351),has_regulation_target(MGI:MGI:96607)|occurs_in(CL:0000351),has_regulation_target(MGI:MGI:96647)
P43021	Nodal	UP	has_regulation_target(UniProtKB:Q9PWB0)|has_regulation_target(UniProtKB:Q8QGA0)
P43120	Hhex	DOWN	occurs_in(CL:0000352),has_regulation_target(MGI:MGI:95841)
P43120	Hhex	DOWN	has_regulation_target(MGI:MGI:1918940)
P43120	Hhex	NA	has_regulation_target(MGI:MGI:88177)|has_regulation_target(MGI:MGI:98955)|has_regulation_target(MGI:MGI:97359)
P43135	Nr2f2	DOWN	has_regulation_target(MGI:MGI:101893)
P43241	Cdx2	DOWN	has_regulation_target(MGI:MGI:95518)|has_regulation_target(MGI:MGI:1276125)
P43267	Sox15	DOWN	has_regulation_target(MGI:MGI:88413)
P45448	Nr5a2	UP	has_regulation_target(NCBI_Gene:20494)
P45448	Nr5a2	UP	has_regulation_target(MGI:MGI:101893)
P46099	Klf1	NA	has_regulation_target(NCBI_Gene:12580)
P46099	Klf1	UP	has_regulation_target(NCBI_Gene:12580)
P46099	Klf1	UP	has_regulation_target(NCBI_Gene:12580)
P46099	Klf1	UP	has_regulation_target(NCBI_Gene:12580)
P46935	Nedd4	DOWN	has_regulation_target(MGI:MGI:98737)
P47239	Pax7	UP	regulates_o_occurs_in(EMAPA:32716),has_regulation_target(MGI:MGI:96398)
P47242	Pax9	UP	has_regulation_target(NCBI_Gene:21877)
P47806	Gli1	UP	has_regulation_target(MGI:MGI:105373)|has_regulation_target(MGI:MGI:97347)|has_regulation_target(MGI:MGI:108067)|has_regulation_target(MGI:MGI:104606)
P48031	Gbx2	NA	has_direct_input(MGI:MGI:1274781)|has_direct_input(MGI:MGI:1891428)|has_direct_input(MGI:MGI:1341292)|has_direct_input(MGI:MGI:97364)
P48031	Gbx2	UP	has_direct_input(MGI:MGI:1096881)
P48301	Tead2	NA	occurs_in(CL:0000333),has_regulation_target(MGI:MGI:97487)
P48301	Tead2	UP	regulates_o_occurs_in(CL:0000333),has_regulation_target(MGI:MGI:97487)
P48432	Sox2	UP	has_regulation_target(MGI:MGI:98364)|has_regulation_target(MGI:MGI:101893)
P48432	Sox2	UP	has_regulation_target(MGI:MGI:96071)
P48432	Sox2	UP	has_regulation_target(MGI:MGI:95518)
P48432	Sox2	UP	has_regulation_target(MGI:MGI:88526)|has_regulation_target(MGI:MGI:95518)
P48437	Prox1	NA	occurs_in(EMAPA:35533),occurs_in(CL:0002138),has_regulation_target(MGI:MGI:95524)
P48437	Prox1	UP	regulates_o_occurs_in(EMAPA:35533),regulates_o_occurs_in(CL:0002138),has_regulation_target(MGI:MGI:95524)
P48614	Wnt10b	DOWN	has_regulation_target(MGI:MGI:99480)|has_regulation_target(MGI:MGI:97747)|has_regulation_target(MGI:MGI:88038)
P48614	Wnt10b	UP	has_regulation_target(MGI:MGI:108061)|has_regulation_target(MGI:MGI:97276)
P48614	Wnt10b	UP	has_regulation_target(MGI:MGI:99829)|has_regulation_target(MGI:MGI:101926)|has_regulation_target(MGI:MGI:2153568)|has_regulation_target(MGI:MGI:88467)
P48614	Wnt10b	UP	has_regulation_target(MGI:MGI:1914487)
P48614	Wnt10b	UP	has_regulation_target(MGI:MGI:96770)
P48985	Atoh1	UP	regulates_o_occurs_in(EMAPA:16525),has_regulation_target(MGI:MGI:1859314)|regulates_o_occurs_in(EMAPA:16525),has_regulation_target(MGI:MGI:1859314)
P48985	Atoh1	UP	has_regulation_target(MGI:MGI:104591)
P48985	Atoh1	UP	has_regulation_target(MGI:MGI:1352453)
P48985	Atoh1	UP	has_regulation_target(NCBI_Gene:55502)
P48986	Neurod6	UP	has_regulation_target(NCBI_Gene:14432)
P49698	Hnf4a	NA	occurs_in(EMAPA:32874),has_regulation_target(MGI:MGI:88052)
P49698	Hnf4a	UP	regulates_o_occurs_in(EMAPA:32874),has_regulation_target(MGI:MGI:88052)
P49698	Hnf4a	UP	has_regulation_target(MGI:MGI:1346307)
P49698	Hnf4a	UP	has_regulation_target(MGI:MGI:1352467)|has_regulation_target(MGI:MGI:1346307)|has_regulation_target(MGI:MGI:1337040)|has_regulation_target(MGI:MGI:1352464)
P50220	Nkx2-1	DOWN	has_regulation_target(MGI:MGI:1100492)
P50220	Nkx2-1	NA	has_regulation_target(MGI:MGI:101784)
P50220	Nkx2-1	UP	has_regulation_target(MGI:MGI:109517)
P50220	Nkx2-1	UP	has_regulation_target(MGI:MGI:1916782)
P50220	Nkx2-1	UP	has_regulation_target(MGI:MGI:101784)
P50220	Nkx2-1	UP	has_regulation_target(MGI:MGI:1306803)
P50220	Nkx2-1	UP	has_regulation_target(MGI:MGI:98733)
P50220	Nkx2-1	UP	has_regulation_target(MGI:MGI:109518)
P51885	Lum	UP	has_regulation_target(MGI:MGI:1202398)
P52633	Stat6	DOWN	has_regulation_target(MGI:MGI:1891436)
P52633	Stat6	DOWN	has_regulation_target(MGI:MGI:95663)
P52633	Stat6	UP	has_regulation_target(MGI:MGI:103060)
P52651	Rhox5	DOWN	occurs_in(EMAPA:17972),has_regulation_target(MGI:MGI:1095412)
P52927	Hmga2	UP	has_regulation_target(MGI:MGI:88311)
P52946	Pdx1	NA	has_regulation_target(MGI:MGI:102851)
P52946	Pdx1	UP	has_regulation_target(MGI:MGI:102851)
P52946	Pdx1	UP	has_regulation_target(MGI:MGI:107504)
P52946	Pdx1	UP	has_regulation_target(NCBI_Gene:6658)
P53564	Cux1	NA	occurs_in(UBERON:0005391),has_input(UniProtKB:Q6P205),has_input(UniProtKB:Q9JJQ7)|occurs_in(UBERON:0005392),has_input(UniProtKB:Q6P205),has_input(UniProtKB:Q9JJQ7)
P53566	Cebpa	DOWN	occurs_in(EMAPA:32874),has_regulation_target(MGI:MGI:88052)
P53566	Cebpa	NA	occurs_in(EMAPA:32874),has_regulation_target(MGI:MGI:88052)
P53566	Cebpa	UP	has_regulation_target(NCBI_Gene:1441)
P54130	Fgf9	DOWN	occurs_in(EMAPA:16715),occurs_in(CL:0000134),has_regulation_target(MGI:MGI:1099809)
P54841	Mafb	UP	has_regulation_target(MGI:MGI:96184)
P54843	Maf	UP	has_regulation_target(MGI:MGI:88445),has_regulation_target(MGI:MGI:2672118)
P54843	Maf	UP	has_regulation_target(MGI:MGI:88518)|has_regulation_target(MGI:MGI:104336)|has_regulation_target(MGI:MGI:102716)|has_regulation_target(MGI:MGI:104992)|has_regulation_target(MGI:MGI:88519)|has_regulation_target(MGI:MGI:102717)|has_regulation_target(MGI:MGI:88515)
P54846	Nrl	UP	has_regulation_target(MGI:MGI:97914)|has_regulation_target(MGI:MGI:1097692)|has_regulation_target(MGI:MGI:99438)
P56546	Ctbp2	UP	has_regulation_target(MGI:MGI:1096359),has_regulation_target(MGI:MGI:88491),has_regulation_target(MGI:MGI:96186)
P56671	Maz	NA	occurs_in(CL:0000188),has_regulation_target(MGI:MGI:88413)|occurs_in(CL:0000188),has_regulation_target(MGI:MGI:106034)
P56726	Smo	DOWN	has_regulation_target(MGI:MGI:88180)|has_regulation_target(MGI:MGI:97168)
P56726	Smo	UP	has_regulation_target(MGI:MGI:96441)
P56726	Smo	UP	has_regulation_target(MGI:MGI:88313)|has_regulation_target(MGI:MGI:88314)|has_regulation_target(MGI:MGI:88177)|has_regulation_target(MGI:MGI:88180)|has_regulation_target(MGI:MGI:1347470)|has_regulation_target(MGI:MGI:1347479)|has_regulation_target(MGI:MGI:1099809)
P58462	Foxp1	DOWN	has_regulation_target(NCBI_Gene:22287)
P58462	Foxp1	DOWN	has_regulation_target(MGI:MGI:107543)|has_regulation_target(MGI:MGI:97350)
P58462	Foxp1	NA	has_regulation_target(MGI:MGI:97849)
P58463	Foxp2	DOWN	has_regulation_target(NCBI_Gene:22287)
P58501	Paxbp1	UP	regulates_o_occurs_in(EMAPA:32716),has_regulation_target(MGI:MGI:96398)
P63013	Prrx1	DOWN	has_regulation_target(NCBI_Gene:170574)
P63013	Prrx1	NA	has_regulation_target(NCBI_Gene:170574)
P63013	Prrx1	DOWN	has_regulation_target(NCBI_Gene:170574)
P63015	Pax6	DOWN	has_regulation_target(MGI:MGI:1277162)
P63015	Pax6	UP	has_regulation_target(NCBI_Gene:4286)
P63015	Pax6	UP	has_regulation_target(MGI:MGI:98364)
P63015	Pax6	UP	has_regulation_target(MGI:MGI:88516)
P63058	Thra	NA	occurs_in(CL:0002563),has_direct_input(ENSEMBL:ENSMUSG00000027996)
P63058	Thra	UP	regulates_transcription_of(ENSEMBL:ENSMUSG00000027996),causally_upstream_of(GO:0090263)
P63328	Ppp3ca	UP	has_regulation_target(MGI:MGI:104631)
P70120	Hes5	DOWN	has_regulation_target(MGI:MGI:96925)|has_regulation_target(MGI:MGI:88437)|has_regulation_target(MGI:MGI:109522)
P70217	Hoxd13	UP	regulates_o_occurs_in(EMAPA:16405),has_regulation_target(MGI:MGI:95276)
P70217	Hoxd13	UP	has_regulation_target(MGI:MGI:98297)
P70217	Hoxd13	UP	has_regulation_target(MGI:MGI:98277)
P70298	Cux2	NA	occurs_in(UBERON:0005391),has_input(UniProtKB:Q6P205),has_input(UniProtKB:Q9JJQ7)|occurs_in(UBERON:0005392),has_input(UniProtKB:Q6P205),has_input(UniProtKB:Q9JJQ7)
P70314	Pitx1	UP	has_regulation_target(NCBI_Gene:18976)
P70326	Tbx5	UP	has_regulation_target(MGI:MGI:1277162)|has_regulation_target(MGI:MGI:95655)|has_regulation_target(MGI:MGI:1344424)
P70326	Tbx5	UP	has_regulation_target(MGI:MGI:104597),has_regulation_target(MGI:MGI:105070),has_regulation_target(MGI:MGI:2155600),occurs_in(CL:0000746)
P70327	Tbx6	NA	has_regulation_target(NCBI_Gene:13388)
P70327	Tbx6	UP	has_regulation_target(MGI:MGI:1860483)
P70340	Smad1	UP	has_regulation_target(MGI:MGI:96429)
P70340	Smad1	UP	has_regulation_target(MGI:MGI:98495)
P70340	Smad1	UP	has_regulation_target(MGI:MGI:96429)
P70348	Gcm1	UP	has_regulation_target(MGI:MGI:108571)
P70354	Msx3	DOWN	has_regulation_target(MGI:MGI:97168)
P70354	Msx3	DOWN	has_regulation_target(MGI:MGI:97168)
P70354	Msx3	NA	has_regulation_target(MGI:MGI:97168)
P70434	Irf7	NA	has_regulation_target(MGI:MGI:1859212)
P70447	Neurog2	UP	has_regulation_target(MGI:MGI:109160)
P70447	Neurog2	UP	has_regulation_target(MGI:MGI:96919)
P70447	Neurog2	UP	has_regulation_target(MGI:MGI:107813)|has_regulation_target(MGI:MGI:2139287)|has_regulation_target(MGI:MGI:2176606)
P70660	Neurog1	UP	has_regulation_target(MGI:MGI:2176606)|has_regulation_target(MGI:MGI:2139287)|has_regulation_target(MGI:MGI:107813)
P70661	Neurog3	UP	has_regulation_target(MGI:MGI:1859980)
P81615	Ucn	UP	has_regulation_target(UniProtKB:Q60748),occurs_in(UBERON:0002667)
P97302	Bach1	DOWN	has_regulation_target(NCBI_Gene:3043)
P97302	Bach1	UP	has_regulation_target(NCBI_Gene:3043)
P97303	Bach2	DOWN	has_regulation_target(NCBI_Gene:3043)
P97305	Nfatc3	UP	occurs_in(CL:0000062),has_regulation_target(MGI:MGI:1100089)
P97305	Nfatc3	UP	has_regulation_target(MGI:MGI:96548)
P97305	Nfatc3	UP	has_regulation_target(MGI:MGI:1306780)
P97305	Nfatc3	UP	has_regulation_target(MGI:MGI:1347472)|has_regulation_target(MGI:MGI:1347476)|has_regulation_target(MGI:MGI:1351617)
P97305	Nfatc3	UP	has_regulation_target(MGI:MGI:88467)
P97309	Mesp1	UP	has_regulation_target(NCBI_Gene:13380)
P97334	Nkx2-3	UP	has_regulation_target(MGI:MGI:103579)
P97360	Etv6	UP	has_regulation_target(NCBI_Gene:14247)
P97454	Smad5	DOWN	has_regulation_target(NCBI_Gene:18590)
P97454	Smad5	NA	has_regulation_target(NCBI_Gene:15901)
P97454	Smad5	UP	has_regulation_target(MGI:MGI:96429)
P97466	Nog	DOWN	has_regulation_target(UniProtKB:Q9R229),occurs_in(UBERON:0002082)
P97466	Nog	DOWN	occurs_in(CL:0002322),has_regulation_target(MGI:MGI:107543)
P97469	Snai2	DOWN	occurs_in(CL:0000115),has_regulation_target(MGI:MGI:105057)
P97471	Smad4	DOWN	occurs_in(UBERON:0001133),has_regulation_target(UniProtKB:Q91Z83)|occurs_in(UBERON:0001133),has_regulation_target(UniProtKB:P05125)|occurs_in(UBERON:0001133),has_regulation_target(UniProtKB:P40753)
P97471	Smad4	DOWN	has_regulation_target(UniProtKB:Q9JHI9),occurs_in(UBERON:0002114)|has_regulation_target(UniProtKB:P49282),occurs_in(UBERON:0002114)|has_regulation_target(UniProtKB:Q925G2),occurs_in(UBERON:0002114)
P97471	Smad4	DOWN	occurs_in(UBERON:0002107),has_regulation_target(UniProtKB:P20722)
P97471	Smad4	UP	has_regulation_target(UniProtKB:Q9EQ21),occurs_in(UBERON:0002107)|has_regulation_target(UniProtKB:Q9EQ21),part_of(GO:0070102)|has_regulation_target(UniProtKB:Q9EQ21),part_of(GO:0030509),occurs_in(CL:0000182)|has_regulation_target(UniProtKB:Q9EQ21),part_of(GO:0007179),occurs_in(CL:0000182)
P97471	Smad4	UP	has_regulation_target(MGI:MGI:98495)
P97471	Smad4	UP	occurs_in(UBERON:0002107),has_regulation_target(UniProtKB:O35253)|occurs_in(UBERON:0002107),has_regulation_target(UniProtKB:Q9EQ21)|occurs_in(UBERON:0002107),has_regulation_target(UniProtKB:P20067)|occurs_in(UBERON:0002107),has_regulation_target(UniProtKB:Q99NA2)
P97471	Smad4	UP	regulates_o_occurs_in(EMAPA:17525),has_regulation_target(MGI:MGI:2661061)
P97471	Smad4	UP	has_regulation_target(MGI:MGI:96429)
P97471	Smad4	UP	has_regulation_target(UniProtKB:P41136)
P97474	Pitx2	UP	has_regulation_target(MGI:MGI:1347007)
P97481	Epas1	UP	has_regulation_target(MGI:MGI:1096879)
P97481	Epas1	UP	regulates_o_occurs_in(EMAPA:16846),regulates_o_occurs_in(CL:0000182),has_regulation_target(MGI:MGI:95407)
P97503	Nkx3-2	DOWN	has_regulation_target(NCBI_Gene:12393)
Q00286	Pou1f1	UP	has_regulation_target(MGI:MGI:98848)
Q00286	Pou1f1	UP	has_regulation_target(MGI:MGI:95710)
Q00322	Cebpd	UP	has_regulation_target(NCBI_Gene:3043)
Q00417	Tcf7	DOWN	has_regulation_target(ENSEMBL:ENSMUSG00000021611),occurs_in(CL:0002322)
Q00417	Tcf7	DOWN	has_regulation_target(UniProtKB:O70372),occurs_in(CL:0002322),occurs_in(GO:0005634)
Q00422	Gabpa	DOWN	occurs_in(EMAPA:35375),has_regulation_target(MGI:MGI:97874)
Q00899	Yy1	DOWN	has_regulation_target(MGI:MGI:98287)
Q00899	Yy1	DOWN	occurs_in(CL:0000235),regulates_transcription_of(ENSEMBL:ENSMUSG00000065397)
Q01147	Creb1	UP	has_regulation_target(MGI:MGI:1923719)
Q01705	Notch1	DOWN	has_input(UniProtKB:P55284)
Q01705	Notch1	DOWN	has_input(UniProtKB:Q08775)
Q01705	Notch1	UP	has_regulation_target(MGI:MGI:2135679)
Q01705	Notch1	UP	has_input(UniProtKB:Q9JI71),occurs_in(UBERON:0002165)|has_input(UniProtKB:Q61483),occurs_in(UBERON:0000948)|has_input(UniProtKB:Q9WV93),occurs_in(UBERON:0002165)
Q01705	Notch1	UP	has_input(UniProtKB:Q9WV93)|has_input(UniProtKB:Q9QUS4)|has_input(UniProtKB:Q00731)|has_input(UniProtKB:P15379)|has_input(UniProtKB:P97333)|has_input(UniProtKB:P52800)
Q01705	Notch1	UP	has_regulation_target(MGI:MGI:1095413)
Q01705	Notch1	UP	has_input(UniProtKB:Q9WV93)|has_input(UniProtKB:Q9QUS4)
Q01705	Notch1	UP	regulates_o_occurs_in(CL:0000312),has_regulation_target(MGI:MGI:104853)
Q01705	Notch1	UP	has_input(UniProtKB:P33434)
Q01705	Notch1	UP	has_input(UniProtKB:P52800),occurs_in(UBERON:0002165)|has_input(UniProtKB:Q9R229),occurs_in(UBERON:0004124)|has_input(UniProtKB:D3Z1W3),occurs_in(UBERON:0001081)
Q01705	Notch1	UP	regulates_o_occurs_in(CL:0000084),has_regulation_target(MGI:MGI:95663)
Q01705	Notch1	UP	has_input(UniProtKB:P35428)|has_input(UniProtKB:Q9QUS4)|has_input(UniProtKB:Q9WV93)
Q02067	Ascl1	UP	has_regulation_target(MGI:MGI:2176606)|has_regulation_target(MGI:MGI:2139287)|has_regulation_target(MGI:MGI:107813)
Q02085	Snai1	DOWN	has_regulation_target(NCBI_Gene:25412)
Q02085	Snai1	DOWN	has_regulation_target(MGI:MGI:98505)
Q02248	Ctnnb1	DOWN	has_regulation_target(MGI:MGI:1347476)
Q02248	Ctnnb1	NA	has_regulation_target(MGI:MGI:99604)
Q02248	Ctnnb1	UP	has_regulation_target(MGI:MGI:101895)
Q02248	Ctnnb1	UP	regulates_o_occurs_in(EMAPA:16728),regulates_o_occurs_in(CL:0000082),has_regulation_target(MGI:MGI:88180)|regulates_o_occurs_in(EMAPA:16728),regulates_o_occurs_in(CL:0000082),has_regulation_target(MGI:MGI:97357)
Q02248	Ctnnb1	UP	has_regulation_target(MGI:MGI:107516)
Q02248	Ctnnb1	UP	has_regulation_target(MGI:MGI:1859388)
Q02248	Ctnnb1	UP	has_regulation_target(MGI:MGI:1860483)
Q02248	Ctnnb1	UP	has_regulation_target(ENSEMBL:ENSMUSG00000021611),occurs_in(CL:0002322)
Q02395	Mtf2	NA	has_regulation_target(NCBI_Gene:17748)
Q02591	Gsc	DOWN	has_regulation_target(NCBI_Gene:14836)
Q02591	Gsc	NA	has_regulation_target(NCBI_Gene:14836)
Q02591	Gsc	DOWN	has_regulation_target(NCBI_Gene:14836)
Q02650	Pax5	DOWN	has_regulation_target(MGI:MGI:1339758)|has_regulation_target(MGI:MGI:97363)
Q02650	Pax5	DOWN	has_regulation_target(MGI:MGI:95559)
Q02650	Pax5	UP	has_regulation_target(NCBI_Gene:19374)
Q03172	Hivep1	DOWN	occurs_in(CL:0000138),has_regulation_target(MGI:MGI:88452)
Q03267	Ikzf1	UP	has_regulation_target(MGI:MGI:97742)
Q04207	Rela	DOWN	regulates_transcription_of(ENSEMBL:ENSMUSG00000020542),occurs_in(CL:0002495)
Q04207	Rela	DOWN	has_direct_input(ENSEMBL:ENSMUSG00000020542)
Q04886	Sox8	UP	has_regulation_target(MGI:MGI:96925)|has_regulation_target(MGI:MGI:97632)
Q04886	Sox8	UP	has_regulation_target(MGI:MGI:108395)
Q04887	Sox9	UP	has_regulation_target(MGI:MGI:1914144)
Q04887	Sox9	UP	has_regulation_target(MGI:MGI:98371)
Q04887	Sox9	UP	has_regulation_target(MGI:MGI:108395)
Q04887	Sox9	UP	has_regulation_target(MGI:MGI:2176159)
Q04887	Sox9	UP	has_regulation_target(MGI:MGI:2176159)
Q04887	Sox9	UP	has_regulation_target(MGI:MGI:88452)
Q04888	Sox10	NA	has_regulation_target(MGI:MGI:102563)
Q06219	Nr4a2	UP	regulates_o_occurs_in(EMAPA:16974),has_regulation_target(MGI:MGI:98735)|regulates_o_occurs_in(EMAPA:16974),has_regulation_target(MGI:MGI:95675)
Q06219	Nr4a2	UP	has_regulation_target(MGI:MGI:95675)
Q06318	Scgb1a1	DOWN	occurs_in(CL:0000084),has_regulation_target(MGI:MGI:96556)|occurs_in(CL:0000084),has_regulation_target(MGI:MGI:96557)|occurs_in(CL:0000084),has_regulation_target(MGI:MGI:96541)|occurs_in(CL:0000084),has_regulation_target(MGI:MGI:95663)
Q06318	Scgb1a1	DOWN	occurs_in(EMAPA:16728),occurs_in(CL:0000066),has_regulation_target(MGI:MGI:95663)
Q06507	Atf4	UP	has_regulation_target(NCBI_Gene:7422)
Q07243	Mtf1	UP	has_regulation_target(MGI:MGI:1345281)
Q07243	Mtf1	UP	has_regulation_target(MGI:MGI:104990)
Q08369	Gata4	UP	has_regulation_target(MGI:MGI:95674)|has_regulation_target(MGI:MGI:95674)
Q08376	Zbtb14	DOWN	has_regulation_target(NCBI_Gene:17869)
Q08376	Zbtb14	NA	has_regulation_target(NCBI_Gene:17869)
Q08376	Zbtb14	DOWN	has_regulation_target(NCBI_Gene:17869)
Q08775	Runx2	UP	has_regulation_target(MGI:MGI:88156)
Q08775	Runx2	UP	has_regulation_target(UniProtKB:P86546)
Q08874	Mitf	NA	has_regulation_target(MGI:MGI:102563)
Q08874	Mitf	UP	has_regulation_target(NCBI_Gene:12575)
Q0VGT2	Gli2	UP	has_regulation_target(MGI:MGI:88177)
Q0VGT2	Gli2	UP	has_regulation_target(MGI:MGI:97347)
Q3TBT3	Tmem173	UP	has_regulation_target(MGI:MGI:107657)
Q3TKT4	Smarca4	DOWN	has_regulation_target(MGI:MGI:97171)
Q3TKT4	Smarca4	UP	has_regulation_target(MGI:MGI:96021)|has_regulation_target(MGI:MGI:96022)
Q3U133	Znf746	DOWN	has_regulation_target(ENSEMBL:ENSMUSG00000029167)
Q3U1N2	Srebf2	UP	has_regulation_target(MGI:MGI:1351606)
Q3UH06	Rreb1	DOWN	occurs_in(CL:0000764),has_input(ENSEMBL:ENST00000252951)
Q3UHD9	Agap2	UP	has_regulation_target(MGI:MGI:88313)
Q3UNW5	Tfcp2l1	NA	has_regulation_target(NCBI_Gene:15122)
Q3UPW2	Elf3	UP	has_regulation_target(NCBI_Gene:21813)
Q3UPW2	Elf3	UP	has_regulation_target(NCBI_Gene:21813)
Q5DW34	Ehmt1	DOWN	has_regulation_target(MGI:MGI:95707)
Q5FWH3	Grhl3	NA	has_regulation_target(MGI:MGI:1925912)
Q5I1X5	Ppp1r13l	DOWN	has_regulation_target(MGI:MGI:96392)
Q5NCY0	Kdm6b	UP	has_direct_input(UniProtKB:P20293)|has_direct_input(UniProtKB:Q9WUI0)
Q60591	Nfatc2	DOWN	has_regulation_target(NCBI_Gene:1019)
Q60591	Nfatc2	NA	part_of(GO:0033173),has_direct_input(ENSEMBL:ENSMUSG00000038193)
Q60591	Nfatc2	NA	has_direct_input(MGI:MGI:1306780)
Q60591	Nfatc2	NA	has_direct_input(MGI:MGI:95709)
Q60591	Nfatc2	NA	has_direct_input(MGI:MGI:96548)
Q60591	Nfatc2	NA	has_direct_input(ENSEMBL:ENSMUSG00000038193)
Q60591	Nfatc2	UP	has_regulation_target(MGI:MGI:96548)
Q60591	Nfatc2	UP	has_regulation_target(MGI:MGI:95709)
Q60591	Nfatc2	UP	regulates_transcription_of(MGI:MGI:96548)
Q60632	Nr2f1	DOWN	has_regulation_target(MGI:MGI:101893)
Q60636	Prdm1	DOWN	has_regulation_target(MGI:MGI:99655)
Q60636	Prdm1	DOWN	has_regulation_target(MGI:MGI:88401)
Q60641	Nr1h4	UP	has_regulation_target(MGI:MGI:104593),occurs_in(EMAPA:16846),regulates_o_occurs_in(EMAPA:16846)
Q60644	Nr1h2	UP	has_input(UniProtKB:P41233)|has_input(UniProtKB:Q9WTN3)
Q60665	Skil	DOWN	has_regulation_target(MGI:MGI:87951)
Q60674	Nr1d2	DOWN	has_regulation_target(NCBI_Gene:24177)
Q60674	Nr1d2	NA	has_regulation_target(NCBI_Gene:24177)
Q60674	Nr1d2	DOWN	has_regulation_target(NCBI_Gene:24177)
Q60722	Tcf4	DOWN	has_regulation_target(MGI:MGI:97347)
Q60756	Tcf15	UP	has_regulation_target(NCBI_Gene:20289)
Q60756	Tcf15	NA	has_regulation_target(NCBI_Gene:16333)
Q60765	Atf3	DOWN	has_regulation_target(NCBI_Gene:11450)
Q60775	Elf1	UP	has_regulation_target(NCBI_Gene:12479)
Q60793	Klf4	UP	has_regulation_target(MGI:MGI:2146838),regulates_o_occurs_in(CL:0002334),occurs_in(CL:0002334)
Q60793	Klf4	UP	has_regulation_target(MGI:MGI:96687)|has_regulation_target(MGI:MGI:106215)
Q60793	Klf4	UP	has_regulation_target(MGI:MGI:1274782)|has_regulation_target(MGI:MGI:3505689)|has_regulation_target(MGI:MGI:1927168)|has_regulation_target(MGI:MGI:2685183)|has_regulation_target(MGI:MGI:2687035)|has_regulation_target(MGI:MGI:95762)|has_regulation_target(MGI:MGI:99414)|has_regulation_target(MGI:MGI:1342773)|has_regulation_target(MGI:MGI:1346336)|has_regulation_target(MGI:MGI:97175)|has_regulation_target(MGI:MGI:1927578)|has_regulation_target(MGI:MGI:1930803)
Q60793	Klf4	UP	has_regulation_target(MGI:MGI:2146838),occurs_in(CL:0002334),regulates_o_occurs_in(CL:0002334)
Q60793	Klf4	UP	has_regulation_target(ENSEMBL:ENSMUSG00000021611),occurs_in(CL:0002322)
Q60793	Klf4	UP	has_regulation_target(MGI:MGI:107405)
Q60795	Nfe2l2	UP	has_regulation_target(UniProtKB:P97494),part_of(GO:0042149),part_of(GO:1903788)|has_regulation_target(UniProtKB:Q64669),part_of(GO:0042149),part_of(GO:1903788)
Q60795	Nfe2l2	UP	has_regulation_target(NCBI_Gene:18104)
Q60843	Klf2	UP	has_regulation_target(MGI:MGI:96027)|has_regulation_target(MGI:MGI:96024)
Q60867	Neurod1	UP	regulates_o_occurs_in(EMAPA:17503),has_regulation_target(MGI:MGI:104716)
Q60929	Mef2a	UP	occurs_in(EMAPA:16105),has_regulation_target(MGI:MGI:1923719)
Q60929	Mef2a	UP	has_regulation_target(MGI:MGI:1923719)
Q60929	Mef2a	UP	has_regulation_target(NCBI_Gene:76469)
Q60953	Pml	UP	regulates_transcription_of(MGI:MGI:98484)
Q60954	Meis1	UP	has_regulation_target(NCBI_Gene:6658)
Q60980	Klf3	DOWN	has_regulation_target(NCBI_Gene:245671)
Q60980	Klf3	NA	has_regulation_target(NCBI_Gene:22390)
Q61066	Nr0b1	DOWN	has_regulation_target(MGI:MGI:88586)
Q61080	Foxf1	DOWN	has_regulation_target(MGI:MGI:1197522)|has_regulation_target(MGI:MGI:98926)
Q61080	Foxf1	DOWN	has_regulation_target(MGI:MGI:103556)
Q61080	Foxf1	UP	has_regulation_target(MGI:MGI:96612)
Q61080	Foxf1	UP	has_regulation_target(MGI:MGI:96612)
Q61091	Fzd8	DOWN	occurs_in(CL:0002322),has_regulation_target(MGI:MGI:107543)
Q61164	Ctcf	DOWN	has_regulation_target(MGI:MGI:892014),has_regulation_target(MGI:MGI:95484)
Q61169	Gata6	UP	has_regulation_target(MGI:MGI:95674)|has_regulation_target(MGI:MGI:95674)
Q61169	Gata6	UP	has_regulation_target(MGI:MGI:98954)
Q61169	Gata6	UP	has_regulation_target(MGI:MGI:109128)|has_regulation_target(MGI:MGI:95664)|has_regulation_target(MGI:MGI:87951)|has_regulation_target(MGI:MGI:1347476)
Q61188	Ezh2	DOWN	has_regulation_target(MGI:MGI:892014),has_regulation_target(MGI:MGI:95484)
Q61221	Hif1a	UP	has_regulation_target(MGI:MGI:95407)
Q61288	Acvrl1	UP	has_regulation_target(UniProtKB:P52800),occurs_in(UBERON:0004537)
Q61312	Tfap2c	NA	has_regulation_target(MGI:MGI:95526)
Q61313	Tfap2b	UP	has_regulation_target(UniProtKB:P21274)
Q61321	Six4	UP	has_regulation_target(MGI:MGI:101924)
Q61324	Arnt2	UP	has_regulation_target(MGI:MGI:1931838)|has_regulation_target(MGI:MGI:2664186)
Q61345	Foxd1	UP	has_regulation_target(MGI:MGI:105095)
Q61345	Foxd1	UP	has_regulation_target(NCBI_Gene:18654)
Q61473	Sox17	UP	has_regulation_target(MGI:MGI:1913900)
Q61483	Dll1	UP	has_input(UniProtKB:P43021)|has_input(UniProtKB:P57785)
Q61501	E2f1	UP	has_regulation_target(MGI:MGI:99660)
Q61501	E2f1	UP	has_regulation_target(MGI:MGI:108090)
Q61572	Foxc1	NA	has_regulation_target(MGI:MGI:1859388)
Q61572	Foxc1	UP	has_regulation_target(MGI:MGI:1859388)
Q61574	Foxs1	DOWN	has_regulation_target(NCBI_Gene:14103)
Q61850	Foxc2	UP	has_regulation_target(MGI:MGI:1859388)
Q61851	Fgfr3	DOWN	occurs_in(EMAPA:35505),has_regulation_target(MGI:MGI:88180)|occurs_in(EMAPA:35505),has_regulation_target(MGI:MGI:96533)|occurs_in(EMAPA:35505),has_regulation_target(MGI:MGI:97801)|occurs_in(EMAPA:32730),has_regulation_target(MGI:MGI:88180)|occurs_in(EMAPA:32730),has_regulation_target(MGI:MGI:96533)|occurs_in(EMAPA:32730),has_regulation_target(MGI:MGI:97801)
Q62226	Shh	DOWN	occurs_in(UBERON:0008281),has_input(UniProtKB:Q9JHX2)|occurs_in(UBERON:0008281),has_input(UniProtKB:P11403)|occurs_in(UBERON:0008281),has_input(UniProtKB:Q6NXH9)
Q62226	Shh	DOWN	has_regulation_target(MGI:MGI:108061)
Q62226	Shh	UP	has_regulation_target(MGI:MGI:105373)|has_regulation_target(MGI:MGI:95727)|has_regulation_target(MGI:MGI:95727)
Q62226	Shh	UP	has_regulation_target(MGI:MGI:1347470)
Q62226	Shh	UP	has_regulation_target(MGI:MGI:105373)|has_regulation_target(MGI:MGI:95727)
Q62226	Shh	UP	occurs_in(UBERON:0008281),has_input(UniProtKB:Q9CQN4)|occurs_in(UBERON:0008281),has_input(UniProtKB:Q7TN16)|occurs_in(UBERON:0008281),has_input(UniProtKB:Q61115)|occurs_in(UBERON:0003856),has_input(UniProtKB:Q61115)|occurs_in(UBERON:0003856),has_input(UniProtKB:Q9CQN4)|occurs_in(UBERON:0003843),has_input(UniProtKB:Q61115)
Q62226	Shh	UP	has_regulation_target(MGI:MGI:105373)
Q62226	Shh	UP	has_regulation_target(MGI:MGI:97485)
Q62226	Shh	UP	has_regulation_target(MGI:MGI:105373)|has_regulation_target(MGI:MGI:95727)|has_regulation_target(MGI:MGI:88180)|has_regulation_target(MGI:MGI:95729)
Q62226	Shh	UP	has_regulation_target(MGI:MGI:105373)|has_regulation_target(MGI:MGI:95727)
Q62231	Six1	DOWN	has_regulation_target(MGI:MGI:1344337)
Q62231	Six1	UP	has_regulation_target(MGI:MGI:101924)
Q62232	Six2	UP	has_regulation_target(MGI:MGI:107430)|has_regulation_target(MGI:MGI:102778)
Q62233	Six3	NA	has_regulation_target(MGI:MGI:97490)|has_regulation_target(MGI:MGI:98364)
Q62233	Six3	UP	has_regulation_target(MGI:MGI:97490)|has_regulation_target(MGI:MGI:98364)
Q62233	Six3	UP	has_regulation_target(NCBI_Gene:18508)
Q62296	Tead4	NA	has_regulation_target(MGI:MGI:1201683)|has_regulation_target(MGI:MGI:95523)
Q62414	Neurod2	UP	has_regulation_target(NCBI_Gene:16440)
Q62424	Hoxa13	NA	has_regulation_target(NCBI_Gene:12156)
Q62424	Hoxa13	NA	has_regulation_target(NCBI_Gene:12162)
Q62424	Hoxa13	UP	regulates_o_occurs_in(EMAPA:16405),has_regulation_target(MGI:MGI:95276)
Q62424	Hoxa13	UP	has_regulation_target(NCBI_Gene:13841)
Q62431	Arid3a	UP	has_regulation_target(NCBI_Gene:630347)
Q62441	Tle4	DOWN	occurs_in(EMAPA:17536),occurs_in(CL:0000117),has_regulation_target(MGI:MGI:95789)
Q62521	Zic3	UP	has_regulation_target(MGI:MGI:97359)
Q63934	Pou4f2	UP	has_regulation_target(MGI:MGI:102525)
Q63943	Mef2d	UP	has_regulation_target(NCBI_Gene:16476)
Q63961	Eng	UP	occurs_in(UBERON:0000948),has_regulation_target(UniProtKB:P21274)
Q63961	Eng	UP	occurs_in(UBERON:0002062),has_regulation_target(UniProtKB:Q02085)
Q64104	Nr2e1	DOWN	has_regulation_target(MGI:MGI:95697)|has_regulation_target(MGI:MGI:107387)|has_regulation_target(MGI:MGI:98217)
Q64104	Nr2e1	DOWN	has_regulation_target(MGI:MGI:109583)|has_regulation_target(MGI:MGI:1921305)
Q64104	Nr2e1	DOWN	has_regulation_target(MGI:MGI:95697)|has_regulation_target(MGI:MGI:107387)|has_regulation_target(MGI:MGI:98217)
Q64221	Nhlh2	NA	has_regulation_target(NCBI_Gene:17984)
Q64221	Nhlh2	UP	has_regulation_target(NCBI_Gene:17984)
Q64221	Nhlh2	UP	has_regulation_target(NCBI_Gene:17984)
Q64249	Nr6a1	DOWN	has_regulation_target(MGI:MGI:101893)
Q64249	Nr6a1	DOWN	has_regulation_target(MGI:MGI:101893)
Q64249	Nr6a1	DOWN	has_regulation_target(MGI:MGI:1919200)
Q64249	Nr6a1	UP	has_regulation_target(NCBI_Gene:19119)
Q64318	Zeb1	DOWN	has_regulation_target(MGI:MGI:95707)
Q64318	Zeb1	DOWN	regulates_o_occurs_in(CL:0000312),occurs_in(CL:0000312),has_direct_input(MGI:MGI:88274)
Q64318	Zeb1	UP	has_regulation_target(MGI:MGI:87909)|has_regulation_target(MGI:MGI:106012)
Q64321	Zbtb7b	UP	has_regulation_target(MGI:MGI:88467)
Q64336	Tbr1	UP	has_regulation_target(MGI:MGI:95821)|has_regulation_target(MGI:MGI:95518)|has_regulation_target(MGI:MGI:96562)
Q64337	Sqstm1	DOWN	has_regulation_target(MGI:MGI:1309998),has_regulation_target(MGI:MGI:103187),occurs_in(CL:0000235),regulates_o_occurs_in(CL:0000235)
Q6NZM9	Hdac4	DOWN	occurs_in(EMAPA:35867),occurs_in(CL:0000188),has_regulation_target(MGI:MGI:1890446)
Q6P1E1	Zmiz1	UP	has_regulation_target(MGI:MGI:107179)
Q6PR54	Rif1	DOWN	regulates_transcription_of(ENSEMBL:ENSMUSG00000054272),regulates_transcription_of(ENSEMBL:ENSMUSG00000070828)
Q6S7F2	E2f7	DOWN	has_regulation_target(NCBI_Gene:242705)
Q6XBJ3	Onecut2	UP	has_regulation_target(MGI:MGI:893591)
Q6XP49	Glis3	DOWN	has_regulation_target(NCBI_Gene:25509)
Q6XP49	Glis3	UP	has_regulation_target(NCBI_Gene:24506)
Q6ZPI3	Lcor	DOWN	has_regulation_target(MGI:MGI:95707)
Q6ZQ88	Kdm1a	DOWN	has_regulation_target(MGI:MGI:95707)
Q6ZQ88	Kdm1a	DOWN	has_regulation_target(MGI:MGI:1341800)
Q704Y3	Trpv1	DOWN	occurs_in(CL:0000136),has_regulation_target(UniProtKB:O70343)
Q70KY4	Foxo6	NA	has_regulation_target(UniProtKB:O54983),has_regulation_target(UniProtKB:Q8R1I2),occurs_in(UBERON:0002305)
Q7TNK1	Rfx4	NA	has_regulation_target(MGI:MGI:1097153)
Q7TNK1	Rfx4	UP	has_regulation_target(MGI:MGI:1097153)
Q7TNK1	Rfx4	UP	has_regulation_target(MGI:MGI:1097153)
Q7TQ32	Hfe2	DOWN	occurs_in(CL:0000182),has_regulation_target(UniProtKB:P20722)|occurs_in(CL:0000091),has_regulation_target(UniProtKB:P20722)|has_regulation_target(UniProtKB:P20722),occurs_in(CL:1000398)|occurs_in(CL:0000091),has_regulation_target(UniProtKB:Q62351)|has_regulation_target(UniProtKB:Q62351),occurs_in(CL:1000398)
Q7TQ32	Hfe2	UP	has_regulation_target(UniProtKB:Q9EQ21),occurs_in(UBERON:0002107)|occurs_in(UBERON:0002107),has_regulation_target(UniProtKB:Q62351)
Q7TS63	Zfat	UP	occurs_in(EMAPA:16115),has_regulation_target(MGI:MGI:95661)|occurs_in(EMAPA:16115),has_regulation_target(MGI:MGI:102811)|occurs_in(EMAPA:16115),has_regulation_target(MGI:MGI:98480)
Q80U70	Suz12	DOWN	has_regulation_target(MGI:MGI:96170)|has_regulation_target(MGI:MGI:96170)|has_regulation_target(MGI:MGI:96182)|has_regulation_target(MGI:MGI:96185)|has_regulation_target(MGI:MGI:96187)|has_regulation_target(MGI:MGI:96189)|has_regulation_target(MGI:MGI:96190)|has_regulation_target(MGI:MGI:96197)|has_regulation_target(MGI:MGI:96184)
Q80V63	Prdm4	NA	has_regulation_target(NCBI_Gene:268515)
Q80V63	Prdm4	UP	has_regulation_target(NCBI_Gene:12159)|has_regulation_target(NCBI_Gene:12224)|has_regulation_target(NCBI_Gene:14465)|has_regulation_target(NCBI_Gene:21386)|has_regulation_target(NCBI_Gene:26380)|has_regulation_target(NCBI_Gene:71950)|has_regulation_target(NCBI_Gene:383491)
Q80XU3	Nucks1	NA	regulates_transcription_of(ENSEMBL:ENSMUSG00000005534),part_of(GO:0046626),part_of(GO:0001678)
Q80XU3	Nucks1	UP	regulates_transcription_of(ENSEMBL:ENSMUSG00000005534),part_of(GO:0046628)
Q810B3	Bsx	UP	has_regulation_target(MGI:MGI:97374)|has_regulation_target(MGI:MGI:892013)
Q811W0	Sox21	NA	has_regulation_target(NCBI_Gene:18390)
Q811W0	Sox21	UP	has_regulation_target(NCBI_Gene:18390)
Q811W0	Sox21	UP	has_regulation_target(NCBI_Gene:18390)
Q8BGD7	Npas4	UP	has_regulation_target(MGI:MGI:1931838)|has_regulation_target(MGI:MGI:2664186)
Q8BHE5	Bmp3	UP	has_regulation_target(MGI:MGI:95574)
Q8BIA3	Mkx	DOWN	has_regulation_target(NCBI_Gene:20679)
Q8BIA3	Mkx	UP	has_regulation_target(NCBI_Gene:20679)
Q8BKT2	Hes7	DOWN	has_regulation_target(MGI:MGI:1095413)
Q8BKT2	Hes7	NA	has_regulation_target(NCBI_Gene:16848)
Q8BPQ7	Sgsm1	UP	regulates_transcription_of(MGI:MGI:1352456)
Q8BUN5	Smad3	NA	has_direct_input(ENSEMBL:ENSMUSG00000039521),occurs_in(CL:0000902)|has_direct_input(ENSEMBL:ENSMUSG00000001123),occurs_in(CL:0000902)
Q8BUN5	Smad3	UP	happens_during(GO:0050862),occurs_in(CL:0000084),has_regulation_target(UniProtKB:O08573)|occurs_in(CL:0000895),has_regulation_target(UniProtKB:O08573),has_regulation_target(UniProtKB:Q99JB6),occurs_in(CL:0000902)
Q8BZ32	Asxl2	DOWN	has_regulation_target(MGI:MGI:2155600)
Q8C0C0	Zhx2	DOWN	has_regulation_target(MGI:MGI:87951)
Q8C0C0	Zhx2	NA	has_regulation_target(MGI:MGI:87951)
Q8C6A8	Bhlhe22	NA	has_regulation_target(MGI:MGI:1353609)|has_regulation_target(MGI:MGI:99217)|has_regulation_target(MGI:MGI:1930001)
Q8C854	Myef2	DOWN	has_regulation_target(NCBI_Gene:17196)
Q8CE22	Dmtf1	NA	has_regulation_target(NCBI_Gene:11839)|has_regulation_target(NCBI_Gene:13653)
Q8CE22	Dmtf1	UP	has_regulation_target(NCBI_Gene:11535)|has_regulation_target(NCBI_Gene:11839)|has_regulation_target(NCBI_Gene:12051)|has_regulation_target(NCBI_Gene:13653)|has_regulation_target(NCBI_Gene:16477)|has_regulation_target(NCBI_Gene:17190)|has_regulation_target(NCBI_Gene:108314)
Q8CF90	Mafa	UP	has_regulation_target(MGI:MGI:1351606)
Q8CFN5	Mef2c	UP	has_regulation_target(MGI:MGI:1341430)|has_regulation_target(MGI:MGI:1328358)
Q8CFN5	Mef2c	NA	has_regulation_target(MGI:MGI:101926)|has_regulation_target(MGI:MGI:101927)
Q8CFN5	Mef2c	NA	has_regulation_target(MGI:MGI:3618746)|has_regulation_target(MGI:MGI:2676818)
Q8CFN5	Mef2c	UP	has_regulation_target(MGI:MGI:88445)
Q8CFN5	Mef2c	UP	has_regulation_target(NCBI_Gene:16476)
Q8CFN5	Mef2c	UP	has_regulation_target(NCBI_Gene:12715)
Q8CIV7	Ovol2	UP	has_regulation_target(MGI:MGI:1344313),occurs_in(CL:0000312),regulates_o_occurs_in(CL:0000312)
Q8CJG1	Ago1	UP	regulates_transcription_of(ENSEMBL:ENSMUSG00000041431)
Q8K0L9	Zbtb20	DOWN	occurs_in(EMAPA:16846),has_regulation_target(MGI:MGI:87951)
Q8K120	Nfatc4	DOWN	has_regulation_target(NCBI_Gene:11450)
Q8K120	Nfatc4	DOWN	regulates_transcription_of(ENSEMBL:ENSMUSG00000000142)|regulates_transcription_of(ENSEMBL:ENSMUSG00000024868)
Q8K120	Nfatc4	NA	occurs_in(CL:0000057),has_regulation_target(MGI:MGI:104798)
Q8K120	Nfatc4	UP	regulates_o_occurs_in(CL:0000057),has_regulation_target(MGI:MGI:104798)
Q8K120	Nfatc4	UP	regulates_o_occurs_in(EMAPA:35248),regulates_o_occurs_in(CL:0000117),has_regulation_target(MGI:MGI:99255)
Q8K2R5	Znf668	DOWN	has_regulation_target(NCBI_Gene:16159)
Q8K2R5	Znf668	NA	has_regulation_target(NCBI_Gene:3592)
Q8K3E5	Ahi1	UP	has_regulation_target(UniProtKB:O35668)|has_regulation_target(UniProtKB:P15209)
Q8K4J6	Mkl1	UP	occurs_in(CL:2000008),has_regulation_target(UniProtKB:P62737)
Q8K557	Onecut3	NA	has_regulation_target(MGI:MGI:1347476)|has_regulation_target(MGI:MGI:98865)
Q8K557	Onecut3	UP	has_regulation_target(NCBI_Gene:15379)
Q8QZS3	Flcn	DOWN	has_regulation_target(UniProtKB:Q99P91),has_regulation_target(UniProtKB:Q64092)
Q8R1B8	Rorb	NA	has_regulation_target(NCBI_Gene:12057)
Q8R1B8	Rorb	UP	has_regulation_target(NCBI_Gene:12057)
Q8R1B8	Rorb	UP	has_regulation_target(NCBI_Gene:12057)
Q8R331	Znhit1	DOWN	has_regulation_target(MGI:MGI:1277162)
Q8R4T1	Cys1	UP	has_regulation_target(MGI:MGI:97250)
Q8R4Z4	Etv3	DOWN	has_regulation_target(UniProtKB:P06876)|has_regulation_target(UniProtKB:P01108)|has_regulation_target(UniProtKB:P11440)
Q8R4Z4	Etv3	NA	has_direct_input(UniProtKB:P01108)
Q8VDL9	Glis2	DOWN	has_regulation_target(MGI:MGI:95727)
Q8VHH8	Il25	UP	has_regulation_target(MGI:MGI:109495)
Q8VHI4	Carf	UP	has_regulation_target(NCBI_Gene:24225)
Q8VHI4	Carf	UP	has_regulation_target(NCBI_Gene:24225)
Q8VI24	Satb2	DOWN	occurs_in(CL:0000062),has_regulation_target(MGI:MGI:96174)
Q8VI24	Satb2	NA	has_regulation_target(NCBI_Gene:15891)
Q8VI24	Satb2	UP	has_regulation_target(MGI:MGI:98389)
Q8VI67	Sp7	UP	has_regulation_target(NCBI_Gene:12842)
Q8VIB5	Barhl2	UP	has_regulation_target(MGI:MGI:1859288)
Q8VIH1	Nobox	UP	has_regulation_target(MGI:MGI:2655198)
Q8VIH1	Nobox	UP	has_regulation_target(NCBI_Gene:18999)
Q8VIH1	Nobox	UP	regulates_o_occurs_in(EMAPA:17962),has_regulation_target(MGI:MGI:101893)|regulates_o_occurs_in(EMAPA:17962),has_regulation_target(MGI:MGI:1924108)|regulates_o_occurs_in(EMAPA:17962),has_regulation_target(MGI:MGI:1890518)|regulates_o_occurs_in(EMAPA:17962),has_regulation_target(MGI:MGI:2149290)|regulates_o_occurs_in(EMAPA:17962),has_regulation_target(MGI:MGI:3046414)|regulates_o_occurs_in(EMAPA:17962),has_regulation_target(MGI:MGI:2139360)|regulates_o_occurs_in(EMAPA:17962),has_regulation_target(MGI:MGI:3030810)
Q8VIM5	Myocd	UP	has_direct_input(ENSEMBL:ENSMUSG00000065445),has_direct_input(ENSEMBL:ENSMUSG00000065592)
Q8VIM5	Myocd	NA	has_regulation_target(MGI:MGI:97367)
Q8VIM5	Myocd	UP	regulates_transcription_of(ENSEMBL:ENSMUSG00000097324)
Q91VN6	Ddx41	UP	has_regulation_target(MGI:MGI:107657)
Q91X79	Cela1	UP	regulates_o_occurs_in(EMAPA:17503),has_regulation_target(MGI:MGI:97357)|regulates_o_occurs_in(EMAPA:17503),has_regulation_target(MGI:MGI:1328312)
Q91X84	Crtc3	UP	has_regulation_target(MGI:MGI:1098271)
Q91YE3	Egln1	UP	regulates_transcription_of(ENSEMBL:ENSMUSG00000036622),occurs_in(CL:2000097),part_of(GO:0006879)
Q91ZK0	Tfap2d	UP	regulates_o_occurs_in(CL:0000047),has_regulation_target(MGI:MGI:2153710)|regulates_o_occurs_in(CL:0000047),has_regulation_target(MGI:MGI:102523)|regulates_o_occurs_in(CL:0000047),has_regulation_target(MGI:MGI:2153710)|regulates_o_occurs_in(CL:0000047),has_regulation_target(MGI:MGI:102523)
Q91ZX6	Senp2	UP	has_regulation_target(MGI:MGI:96174)
Q923E4	Sirt1	UP	has_direct_input(ENSEMBL:ENSMUSG00000035783)|has_direct_input(ENSEMBL:ENSMUSG00000032085)|has_direct_input(ENSEMBL:ENSMUSG00000015605)|has_direct_input(ENSEMBL:ENSMUSG00000005583)|has_direct_input(ENSEMBL:ENSMUSG00000020542)
Q923E4	Sirt1	UP	regulates_transcription_of(ENSEMBL:ENSMUSG00000035783)|regulates_transcription_of(ENSEMBL:ENSMUSG00000032085)|regulates_transcription_of(ENSEMBL:ENSMUSG00000015605)|regulates_transcription_of(ENSEMBL:ENSMUSG00000005583)|regulates_transcription_of(ENSEMBL:ENSMUSG00000020542)
Q924A0	Tcf7l2	UP	has_regulation_target(UniProtKB:Q91V88)
Q925B0	Pawr	DOWN	regulates_transcription_of(ENSEMBL:ENSMUSG00000056501),occurs_in(CL:0002548)
Q925J9	Med1	DOWN	has_regulation_target(UniProtKB:P22935)|has_regulation_target(UniProtKB:P22605)
Q99J09	Wdr77	NA	regulates_o_occurs_in(EMAPA:32290),regulates_o_occurs_in(CL:0000066),has_regulation_target(MGI:MGI:102849)|regulates_o_occurs_in(EMAPA:32290),regulates_o_occurs_in(CL:0000066),has_regulation_target(MGI:MGI:1353422)|regulates_o_occurs_in(EMAPA:32290),regulates_o_occurs_in(CL:0000066),has_regulation_target(MGI:MGI:109579)
Q99JB6	Foxp3	DOWN	occurs_in(CL:0000066),has_regulation_target(MGI:MGI:95410)
Q99JB6	Foxp3	DOWN	occurs_in(EMAPA:18768),has_regulation_target(MGI:MGI:95410)
Q99JB6	Foxp3	DOWN	occurs_in(CL:0000624),has_regulation_target(MGI:MGI:107656)|occurs_in(CL:0000624),has_regulation_target(MGI:MGI:96548)
Q99JB6	Foxp3	NA	occurs_in(CL:0000624),has_regulation_target(MGI:MGI:107656)
Q99JB6	Foxp3	UP	regulates_o_occurs_in(CL:0000791),has_regulation_target(MGI:MGI:95295)|regulates_o_occurs_in(CL:0000791),has_regulation_target(MGI:MGI:95296)|regulates_o_occurs_in(CL:0000791),has_regulation_target(MGI:MGI:1306780)|regulates_o_occurs_in(CL:0000791),has_regulation_target(MGI:MGI:2146430)|regulates_o_occurs_in(CL:0000791),has_regulation_target(MGI:MGI:1914139)|regulates_o_occurs_in(CL:0000791),has_regulation_target(MGI:MGI:1202301)
Q99JB6	Foxp3	UP	regulates_o_occurs_in(CL:0000624),has_regulation_target(MGI:MGI:894675)|regulates_o_occurs_in(CL:0000624),has_regulation_target(MGI:MGI:96549)|regulates_o_occurs_in(CL:0000624),has_regulation_target(MGI:MGI:88556)
Q99LX0	Park7	UP	has_regulation_target(UniProtKB:Q64669),has_regulation_target(UniProtKB:O09172)
Q99LX0	Park7	UP	has_regulation_target(UniProtKB:P13597)
Q99ME7	Tbx19	NA	has_regulation_target(NCBI_Gene:18976)
Q99ME7	Tbx19	UP	has_regulation_target(NCBI_Gene:24664)
Q99PV8	Bcl11b	UP	has_regulation_target(MGI:MGI:99673)|has_regulation_target(MGI:MGI:1858414)|has_regulation_target(MGI:MGI:98474)|has_regulation_target(MGI:MGI:1929913)
Q99PV8	Bcl11b	UP	has_regulation_target(MGI:MGI:97169)|has_regulation_target(MGI:MGI:1932575)
Q99PV8	Bcl11b	UP	regulates_o_occurs_in(EMAPA:18768),regulates_o_occurs_in(CL:0000084),has_regulation_target(MGI:MGI:98578)
Q99PV8	Bcl11b	UP	regulates_o_occurs_in(CL:0000084),has_regulation_target(MGI:MGI:96548)
Q99PV8	Bcl11b	UP	has_regulation_target(MGI:MGI:99673)|has_regulation_target(MGI:MGI:1858414)|has_regulation_target(MGI:MGI:98474)|has_regulation_target(MGI:MGI:1929913)
Q99PV8	Bcl11b	UP	regulates_o_occurs_in(EMAPA:17919),regulates_o_occurs_in(CL:0000059),has_regulation_target(MGI:MGI:97169)|regulates_o_occurs_in(EMAPA:17919),regulates_o_occurs_in(CL:0000059),has_regulation_target(MGI:MGI:1932575)|regulates_o_occurs_in(EMAPA:17922),regulates_o_occurs_in(CL:0000059),has_regulation_target(MGI:MGI:97169)|regulates_o_occurs_in(EMAPA:17922),regulates_o_occurs_in(CL:0000059),has_regulation_target(MGI:MGI:1932575)|regulates_o_occurs_in(EMAPA:17940),regulates_o_occurs_in(CL:0000059),has_regulation_target(MGI:MGI:97169)|regulates_o_occurs_in(EMAPA:17940),regulates_o_occurs_in(CL:0000059),has_regulation_target(MGI:MGI:1932575)|regulates_o_occurs_in(EMAPA:17943),regulates_o_occurs_in(CL:0000059),has_regulation_target(MGI:MGI:97169)|regulates_o_occurs_in(EMAPA:17943),regulates_o_occurs_in(CL:0000059),has_regulation_target(MGI:MGI:1932575)
Q9CQJ4	Rnf2	DOWN	occurs_in(CL:0000057),has_regulation_target(MGI:MGI:96170)|occurs_in(CL:0000057),has_regulation_target(MGI:MGI:96179)|occurs_in(CL:0000057),has_regulation_target(MGI:MGI:96184)|occurs_in(CL:0000057),has_regulation_target(MGI:MGI:107730)|occurs_in(CL:0000057),has_regulation_target(MGI:MGI:96189)|occurs_in(CL:0000057),has_regulation_target(MGI:MGI:96199)|occurs_in(CL:0000057),has_regulation_target(MGI:MGI:96209)|occurs_in(CL:0000057),has_regulation_target(MGI:MGI:96202)
Q9D030	Twist2	DOWN	has_regulation_target(MGI:MGI:104798)
Q9D489	Sohlh2	UP	has_regulation_target(NCBI_Gene:16590)
Q9DBI0	Tmprss6	DOWN	occurs_in(UBERON:0002107),has_regulation_target(UniProtKB:Q62351)
Q9DBI0	Tmprss6	UP	has_regulation_target(UniProtKB:P20722),occurs_in(CL:0000182)|occurs_in(CL:0000091),has_regulation_target(UniProtKB:P20722)|occurs_in(CL:1000398),has_regulation_target(UniProtKB:P20722)
Q9DBY0	Foxp4	DOWN	has_regulation_target(NCBI_Gene:22287)
Q9DBY0	Foxp4	DOWN	has_regulation_target(NCBI_Gene:22287)
Q9DCB1	Hmgn3	UP	has_regulation_target(MGI:MGI:95760)
Q9DCB1	Hmgn3	UP	regulates_o_occurs_in(EMAPA:32927),regulates_o_occurs_in(CL:0000169),has_regulation_target(MGI:MGI:1095438)
Q9EPK5	Wwtr1	UP	has_regulation_target(MGI:MGI:109517)
Q9EPK8	Trpv4	DOWN	occurs_in(CL:0000136),has_regulation_target(UniProtKB:O70343),has_regulation_target(UniProtKB:P12242),has_regulation_target(UniProtKB:P56392),has_regulation_target(UniProtKB:P48772),has_regulation_target(UniProtKB:P62897),has_regulation_target(UniProtKB:P19783)|occurs_in(UBERON:0002190),has_regulation_target(UniProtKB:P19783),has_regulation_target(UniProtKB:P48772),has_regulation_target(UniProtKB:O70343),has_regulation_target(UniProtKB:P12242),has_regulation_target(UniProtKB:O70302),has_regulation_target(UniProtKB:Q8VHJ7)|occurs_in(UBERON:0010412),has_regulation_target(UniProtKB:Q8VHJ7),has_regulation_target(UniProtKB:P62897),has_regulation_target(UniProtKB:P19783),has_regulation_target(UniProtKB:P12787),has_regulation_target(UniProtKB:P25962)
Q9EPQ8	Tcf20	NA	has_regulation_target(NCBI_Gene:4314)
Q9EPQ8	Tcf20	UP	has_regulation_target(NCBI_Gene:4314)
Q9EPQ8	Tcf20	UP	has_regulation_target(NCBI_Gene:4314)
Q9EQ21	Hamp	DOWN	occurs_in(UBERON:0002107),has_regulation_target(UniProtKB:O35253)|occurs_in(UBERON:0002107),has_regulation_target(UniProtKB:P20722)|occurs_in(UBERON:0002107),has_regulation_target(UniProtKB:P20067)|occurs_in(UBERON:0002107),has_regulation_target(UniProtKB:Q99NA2)
Q9EQD0	Fzd5	UP	has_regulation_target(MGI:MGI:108045)
Q9EQW6	Olig2	DOWN	has_regulation_target(MGI:MGI:109160)
Q9EQW6	Olig2	NA	has_regulation_target(MGI:MGI:109160)
Q9ER74	Sall1	UP	has_regulation_target(MGI:MGI:2447076)
Q9ER74	Sall1	UP	regulates_o_occurs_in(EMAPA:17375),regulates_o_occurs_in(CL:0000134),has_regulation_target(MGI:MGI:2447076)
Q9ER75	Irx6	DOWN	has_regulation_target(MGI:MGI:1890816)|has_regulation_target(MGI:MGI:892968)
Q9ER75	Irx6	UP	has_regulation_target(MGI:MGI:97883)
Q9ERA0	Tfcp2	NA	has_regulation_target(NCBI_Gene:12159)
Q9ERA0	Tfcp2	UP	has_regulation_target(NCBI_Gene:12159)
Q9ERA0	Tfcp2	UP	has_regulation_target(NCBI_Gene:12159)
Q9ES03	Tbx20	DOWN	has_input(UniProtKB:Q60707)|has_input(UniProtKB:Q9R1Z8)
Q9ESP5	Fezf2	DOWN	has_regulation_target(MGI:MGI:95632)
Q9ESP5	Fezf2	UP	has_regulation_target(MGI:MGI:1920211)|has_regulation_target(MGI:MGI:1096337)
Q9JI48	Plac8	UP	regulates_o_occurs_in(CL:0000449),has_regulation_target(MGI:MGI:88373)
Q9JIZ5	Tfap4	UP	has_regulation_target(MGI:MGI:1277950)
Q9JK54	Msgn1	UP	has_regulation_target(MGI:MGI:1095413)
Q9JKU8	Lmx1a	NA	occurs_at(SO:0000167),has_direct_input(ENSEMBL:ENSMUSG00000022997),happens_during(GO:1990403),happens_during(GO:0030901)|occurs_at(SO:0000167),has_direct_input(ENSEMBL:ENSMUSG00000026826)|occurs_at(SO:0000167),has_direct_input(ENSEMBL:ENSMUSG00000025229)|occurs_at(SO:0000167),has_direct_input(ENSEMBL:ENSMUSG00000038765)|occurs_at(SO:0000167),has_direct_input(ENSEMBL:ENSMUSG00000026686)|occurs_at(SO:0000167),has_direct_input(ENSEMBL:ENSMUSG00000048450)
Q9JKU8	Lmx1a	UP	regulates_transcription_of(ENSEMBL:ENSMUSG00000022997),part_of(GO:1904948)|regulates_transcription_of(ENSEMBL:ENSMUSG00000038765)|regulates_transcription_of(ENSEMBL:ENSMUSG00000025229),part_of(GO:1904948)|regulates_transcription_of(ENSEMBL:ENSMUSG00000026826),part_of(GO:1904948)|regulates_transcription_of(ENSEMBL:ENSMUSG00000048450)|regulates_transcription_of(ENSEMBL:ENSMUSG00000027967)|regulates_transcription_of(ENSEMBL:ENSMUSG00000026686)
Q9JM73	Srf	UP	occurs_in(CL:0000056),has_regulation_target(MGI:MGI:1353592)
Q9JM73	Srf	UP	has_regulation_target(MGI:MGI:894806)
Q9JM73	Srf	UP	regulates_o_occurs_in(CL:0000746),has_regulation_target(MGI:MGI:106658)
Q9JM73	Srf	UP	regulates_transcription_of(ENSEMBL:ENSMUSG00000065445),has_regulation_target(RNAcentral:URS0000527F89_10090)
Q9QUS4	Hey2	DOWN	has_input(UniProtKB:Q08775)
Q9QUS4	Hey2	DOWN	has_input(UniProtKB:Q60707)
Q9QUS4	Hey2	UP	has_input(UniProtKB:P35918)|has_input(UniProtKB:Q9WV93)
Q9QX98	Ptf1a	UP	has_regulation_target(MGI:MGI:1859637)|has_regulation_target(MGI:MGI:2442334)
Q9QX98	Ptf1a	UP	has_regulation_target(MGI:MGI:2442334)|has_regulation_target(MGI:MGI:1859637)
Q9QX98	Ptf1a	UP	regulates_o_occurs_in(EMAPA:17787),has_regulation_target(MGI:MGI:1859637)|regulates_o_occurs_in(EMAPA:17787),has_regulation_target(MGI:MGI:2442334)|regulates_o_occurs_in(EMAPA:16916),has_regulation_target(MGI:MGI:1859637)|regulates_o_occurs_in(EMAPA:16916),has_regulation_target(MGI:MGI:2442334)|regulates_o_occurs_in(EMAPA:17577),has_regulation_target(MGI:MGI:1859637)|regulates_o_occurs_in(EMAPA:17577),has_regulation_target(MGI:MGI:2442334)|regulates_o_occurs_in(EMAPA:17168),has_regulation_target(MGI:MGI:1859637)|regulates_o_occurs_in(EMAPA:17168),has_regulation_target(MGI:MGI:2442334)|regulates_o_occurs_in(EMAPA:17536),has_regulation_target(MGI:MGI:1859637)|regulates_o_occurs_in(EMAPA:17536),has_regulation_target(MGI:MGI:2442334)
Q9QX98	Ptf1a	UP	has_regulation_target(MGI:MGI:2448528),occurs_in(EMAPA:16535),regulates_o_occurs_in(EMAPA:16535)
Q9QXT9	Znf354b	DOWN	has_regulation_target(MGI:MGI:95484),has_regulation_target(MGI:MGI:892014)
Q9QY31	Snai3	NA	has_regulation_target(UniProtKB:Q3UV74)
Q9QY31	Snai3	NA	has_regulation_target(UniProtKB:Q3UV74)
Q9QYC3	Bhlha15	UP	has_regulation_target(MGI:MGI:95719)
Q9QYC3	Bhlha15	UP	has_regulation_target(MGI:MGI:95719)
Q9QYC3	Bhlha15	UP	has_regulation_target(NCBI_Gene:14618)
Q9QZB6	Nr4a3	UP	has_regulation_target(MGI:MGI:88313)|has_regulation_target(MGI:MGI:88314)
Q9QZB6	Nr4a3	UP	has_regulation_target(MGI:MGI:88313)|has_regulation_target(MGI:MGI:88314)
Q9R0G7	Zeb2	DOWN	has_input(UniProtKB:Q64318)
Q9R0G7	Zeb2	UP	has_regulation_target(MGI:MGI:105108)
Q9R0G7	Zeb2	UP	has_regulation_target(UniProtKB:Q08874)|has_regulation_target(UniProtKB:P07147)|has_regulation_target(UniProtKB:P11344)|has_regulation_target(UniProtKB:P29812)|has_regulation_target(UniProtKB:Q60696)|has_regulation_target(UniProtKB:Q01727)
Q9R0G7	Zeb2	UP	has_regulation_target(MGI:MGI:105108)
Q9R0I7	Ylpm1	DOWN	has_regulation_target(MGI:MGI:1202709)
Q9R0I7	Ylpm1	DOWN	has_regulation_target(MGI:MGI:1202709)
Q9R1E0	Foxo1	DOWN	occurs_in(EMAPA:35375),has_regulation_target(MGI:MGI:2677164)
Q9R1Z8	Sorbs3	DOWN	has_regulation_target(MGI:MGI:96170)|has_regulation_target(MGI:MGI:88491)|has_regulation_target(MGI:MGI:96182)|has_regulation_target(MGI:MGI:97858)|has_regulation_target(MGI:MGI:107920)|has_regulation_target(MGI:MGI:1096359)
Q9WTJ2	Ovol1	DOWN	has_regulation_target(MGI:MGI:96397)
Q9WTJ2	Ovol1	DOWN	has_regulation_target(MGI:MGI:1338039)
Q9WTJ2	Ovol1	DOWN	has_regulation_target(NCBI_Gene:18426)
Q9WTJ2	Ovol1	DOWN	has_regulation_target(MGI:MGI:1338039)
Q9WTL8	Arntl	UP	has_regulation_target(ENSEMBL:ENSMUSG00000020893)
Q9WTM4	Nfe2l3	DOWN	has_regulation_target(NCBI_Gene:1728)
Q9WTN3	Srebf1	DOWN	has_regulation_target(MGI:MGI:97501)
Q9WTN3	Srebf1	UP	has_regulation_target(MGI:MGI:95484)|has_regulation_target(MGI:MGI:107606)
Q9WTN3	Srebf1	UP	regulates_o_occurs_in(EMAPA:32927),has_regulation_target(MGI:MGI:1351606)
Q9WTN3	Srebf1	UP	has_regulation_target(MGI:MGI:107606)
Q9WTN3	Srebf1	UP	has_regulation_target(MGI:MGI:104742)
Q9WTP3	Spdef	DOWN	occurs_in(EMAPA:18939),has_regulation_target(MGI:MGI:103189)|occurs_in(EMAPA:18939),has_regulation_target(MGI:MGI:2656551)|occurs_in(EMAPA:35778),occurs_in(CL:0000160),has_regulation_target(MGI:MGI:103189)|occurs_in(EMAPA:35778),occurs_in(CL:0000160),has_regulation_target(MGI:MGI:2656551)
Q9WTP3	Spdef	DOWN	occurs_in(EMAPA:32826),occurs_in(CL:0000066),has_regulation_target(MGI:MGI:1347476)|occurs_in(EMAPA:32826),occurs_in(CL:0000066),has_regulation_target(MGI:MGI:108067)
Q9WTP3	Spdef	UP	has_regulation_target(MGI:MGI:109518)
Q9WTP3	Spdef	UP	regulates_o_occurs_in(EMAPA:35778),regulates_o_occurs_in(CL:0000510),has_regulation_target(MGI:MGI:1913548)|regulates_o_occurs_in(EMAPA:35778),regulates_o_occurs_in(CL:0000510),has_regulation_target(MGI:MGI:1891834)|regulates_o_occurs_in(EMAPA:35778),regulates_o_occurs_in(CL:0000510),has_regulation_target(MGI:MGI:2656551)|regulates_o_occurs_in(EMAPA:35778),regulates_o_occurs_in(CL:0000510),has_regulation_target(MGI:MGI:103189)|regulates_o_occurs_in(EMAPA:35778),regulates_o_occurs_in(CL:0000510),has_regulation_target(MGI:MGI:1916603)|regulates_o_occurs_in(EMAPA:35778),regulates_o_occurs_in(CL:0000510),has_regulation_target(MGI:MGI:98263)|regulates_o_occurs_in(EMAPA:35778),regulates_o_occurs_in(CL:0000510),has_regulation_target(MGI:MGI:102850)|regulates_o_occurs_in(EMAPA:35778),regulates_o_occurs_in(CL:0000510),has_regulation_target(MGI:MGI:1339364)|regulates_o_occurs_in(EMAPA:35778),regulates_o_occurs_in(CL:0000510),has_regulation_target(MGI:MGI:1349391)|regulates_o_occurs_in(EMAPA:35778),regulates_o_occurs_in(CL:0000510),has_regulation_target(MGI:MGI:1341848)|regulates_o_occurs_in(EMAPA:35778),regulates_o_occurs_in(CL:0000510),has_regulation_target(MGI:MGI:1859281)|regulates_o_occurs_in(EMAPA:35778),regulates_o_occurs_in(CL:0000160),has_regulation_target(MGI:MGI:1916603)|regulates_o_occurs_in(EMAPA:35778),regulates_o_occurs_in(CL:0000160),has_regulation_target(MGI:MGI:98263)|regulates_o_occurs_in(EMAPA:35778),regulates_o_occurs_in(CL:0000160),has_regulation_target(MGI:MGI:102850)|regulates_o_occurs_in(EMAPA:35778),regulates_o_occurs_in(CL:0000160),has_regulation_target(MGI:MGI:1339364)|regulates_o_occurs_in(EMAPA:35778),regulates_o_occurs_in(CL:0000160),has_regulation_target(MGI:MGI:1349391)|regulates_o_occurs_in(EMAPA:35778),regulates_o_occurs_in(CL:0000160),has_regulation_target(MGI:MGI:1341848)|regulates_o_occurs_in(EMAPA:35778),regulates_o_occurs_in(CL:0000160),has_regulation_target(MGI:MGI:1859281)
Q9WTP3	Spdef	UP	regulates_o_occurs_in(EMAPA:32693),regulates_o_occurs_in(CL:0000066),has_regulation_target(MGI:MGI:1353422)|regulates_o_occurs_in(EMAPA:32693),regulates_o_occurs_in(CL:0000066),has_regulation_target(MGI:MGI:1920982)|regulates_o_occurs_in(EMAPA:32693),regulates_o_occurs_in(CL:0000066),has_regulation_target(MGI:MGI:1919327)|regulates_o_occurs_in(EMAPA:32693),regulates_o_occurs_in(CL:0000066),has_regulation_target(MGI:MGI:1316732)|regulates_o_occurs_in(EMAPA:32693),regulates_o_occurs_in(CL:0000066),has_regulation_target(MGI:MGI:97795)
Q9WU42	Ncor2	DOWN	occurs_in(EMAPA:16910),has_regulation_target(MGI:MGI:104876)|occurs_in(EMAPA:16910),has_regulation_target(MGI:MGI:104659)|occurs_in(EMAPA:16910),has_regulation_target(MGI:MGI:2448492)
Q9WUI0	Mixl1	UP	has_regulation_target(UniProtKB:P35918)|has_regulation_target(UniProtKB:P26618)
Q9WUI0	Mixl1	UP	has_regulation_target(NCBI_Gene:14836)
Q9WUI0	Mixl1	UP	has_regulation_target(UniProtKB:P26618)|has_regulation_target(UniProtKB:P35918)|has_regulation_target(UniProtKB:P70658)
Q9WV60	Gsk3b	UP	occurs_in(CL:0000540),regulates_o_occurs_in(CL:0000540),has_regulation_target(MGI:MGI:1934030),has_regulation_target(MGI:MGI:102539)
Q9WV93	Hey1	DOWN	has_input(UniProtKB:Q08775)
Q9WV93	Hey1	DOWN	has_input(UniProtKB:Q60707)
Q9WV93	Hey1	UP	has_input(UniProtKB:P35918)|has_input(UniProtKB:Q9QUS4)
Q9WVH4	Foxo3	UP	has_direct_input(RNAcentral:URS000075D8E6_10090),occurs_in(CL:0000746)
Q9WVH4	Foxo3	UP	regulates_transcription_of(ENSEMBL:ENSMUSG00000070144),occurs_in(CL:0000746)
Q9Z0E3	Aire	UP	has_regulation_target(MGI:MGI:104638)|has_regulation_target(MGI:MGI:96573)|has_regulation_target(MGI:MGI:97233)|has_regulation_target(MGI:MGI:98392)
Q9Z0E3	Aire	UP	regulates_o_occurs_in(EMAPA:18768),has_regulation_target(MGI:MGI:104638)|regulates_o_occurs_in(EMAPA:18768),has_regulation_target(MGI:MGI:96573)|regulates_o_occurs_in(EMAPA:18768),has_regulation_target(MGI:MGI:97233)|regulates_o_occurs_in(EMAPA:18768),has_regulation_target(MGI:MGI:98392)
Q9Z0L6	Pth	UP	regulates_o_occurs_in(EMAPA:31858),has_regulation_target(MGI:MGI:1352456)|regulates_o_occurs_in(EMAPA:31858),has_regulation_target(MGI:MGI:98389)|regulates_o_occurs_in(EMAPA:32782),has_regulation_target(MGI:MGI:1352456)|regulates_o_occurs_in(EMAPA:32782),has_regulation_target(MGI:MGI:98389)|regulates_o_occurs_in(EMAPA:17373),has_regulation_target(MGI:MGI:1352456)|regulates_o_occurs_in(EMAPA:17373),has_regulation_target(MGI:MGI:98389)
Q9Z0S2	Lhx2	NA	has_regulation_target(NCBI_Gene:1081)
Q9Z0S2	Lhx2	UP	occurs_in(CL:0000723),occurs_in(CL:0000723),occurs_in(EMAPA:18771),occurs_in(EMAPA:18771),has_regulation_target(MGI:MGI:1202876),has_regulation_target(MGI:MGI:1202876),has_regulation_target(MGI:MGI:1202879),has_regulation_target(MGI:MGI:1202879),has_regulation_target(MGI:MGI:1891468),has_regulation_target(MGI:MGI:1891468),has_regulation_target(MGI:MGI:1888513),has_regulation_target(MGI:MGI:1888513),has_regulation_target(MGI:MGI:88329),has_regulation_target(MGI:MGI:88329),has_regulation_target(MGI:MGI:1889272),has_regulation_target(MGI:MGI:1889272),has_regulation_target(MGI:MGI:96615),has_regulation_target(MGI:MGI:96615),has_regulation_target(MGI:MGI:104750),has_regulation_target(MGI:MGI:104750),has_regulation_target(MGI:MGI:101972),has_regulation_target(MGI:MGI:101972),has_regulation_target(MGI:MGI:108559),has_regulation_target(MGI:MGI:108559),has_regulation_target(MGI:MGI:1919583),has_regulation_target(MGI:MGI:1919583),has_regulation_target(MGI:MGI:2446089),has_regulation_target(MGI:MGI:2446089)
Q9Z0S2	Lhx2	UP	has_regulation_target(NCBI_Gene:12640)
Q9Z0Y9	Nr1h3	UP	has_regulation_target(NCBI_Gene:25428)
Q9Z148	Ehmt2	DOWN	has_regulation_target(MGI:MGI:95707)
Q9Z148	Ehmt2	DOWN	regulates_transcription_of(MGI:MGI:1915978)|regulates_transcription_of(MGI:MGI:1261864)|regulates_transcription_of(MGI:MGI:1914693)|regulates_transcription_of(MGI:MGI:107931)
Q9Z1N7	Arid3b	UP	has_regulation_target(NCBI_Gene:16065)
Q9Z248	Aebp2	DOWN	has_regulation_target(NCBI_Gene:11770)
Q9Z2D6	Mecp2	DOWN	has_direct_input(ENSEMBL:ENSMUSG00000015605)|has_direct_input(ENSEMBL:ENSMUSG00000020542)|has_direct_input(ENSEMBL:ENSMUSG00000023913)|has_direct_input(ENSEMBL:ENSMUSG00000030562)|has_direct_input(ENSEMBL:ENSMUSG00000022475)
Q9Z2D8	Mbd3	DOWN	has_regulation_target(MGI:MGI:97171)
Q9Z2E1	Mbd2	DOWN	has_regulation_target(MGI:MGI:1278342)
Q9Z2F6	Bcl3	UP	has_regulation_target(MGI:MGI:95663)
Q9Z2S7	Tsc22d3	DOWN	has_regulation_target(MGI:MGI:97276)
