#name_compExTRI	HGNC_update	category	TCF2	name_TCF2	Entry_TCF2
ALX1		DbTF	TCF2	ALX1	Q15699
ALX3		DbTF	TCF2	ALX3	O95076
ALX4		DbTF	TCF2	ALX4	Q9H161
AP1		DbTF			
AR		DbTF	TCF2	AR	P10275
ARNT		DbTF	TCF2	ARNT	P27540
ARNT2		DbTF	TCF2	ARNT2	Q9HBZ2
ARNTL		DbTF	TCF2	ARNTL	O00327
ARNTL2		DbTF	TCF2	ARNTL2	Q8WYA1
ARX		DbTF	TCF2	ARX	Q96QS3
ASCL1		DbTF	TCF2	ASCL1	P50553
ASCL2		DbTF	TCF2	ASCL2	Q99929
ASCL3		DbTF	TCF2	ASCL3	Q9NQ33
ASCL4		DbTF	TCF2	ASCL4	Q6XD76
ATF1		DbTF	TCF2	ATF1	P18846
ATF2		DbTF	TCF2	ATF2	P15336
ATF3		DbTF	TCF2	ATF3	P18847
ATF4		DbTF	TCF2	ATF4	P18848
ATF5		DbTF	TCF2	ATF5	Q9Y2D1
ATF6		DbTF	TCF2	ATF6	P18850
ATF6B		DbTF	TCF2	ATF6B	Q99941
ATF7		DbTF	TCF2	ATF7	P17544
ATOH1		DbTF	TCF2	ATOH1	Q92858
ATOH7		DbTF	TCF2	ATOH7	Q8N100
ATOH8		DbTF	TCF2	ATOH8	Q96SQ7
BACH1		DbTF	TCF2	BACH1	O14867
BACH2		DbTF	TCF2	BACH2	Q9BYV9
BARHL1		DbTF	TCF2	BARHL1	Q9BZE3
BARHL2		DbTF	TCF2	BARHL2	Q9NY43
BARX1		DbTF	TCF2	BARX1	Q9HBU1
BARX2		DbTF	TCF2	BARX2	Q9UMQ3
BATF		DbTF	TCF2	BATF	Q16520
BATF2		DbTF	TCF2	BATF2	Q8N1L9
BATF3		DbTF	TCF2	BATF3	Q9NR55
BBX		DbTF	TCF2	BBX	Q8WY36
BCL11A		DbTF	TCF2	BCL11A	Q9H165
BCL11B		DbTF	TCF2	BCL11B	Q9C0K0
BCL6		DbTF	TCF2	BCL6	P41182
BCL6B		DbTF	TCF2	BCL6B	Q8N143
BHLHA15		DbTF	TCF2	BHLHA15	Q7RTS1
BHLHE22		DbTF	TCF2	BHLHE22	Q8NFJ8
BHLHE23		DbTF	TCF2	BHLHE23	Q8NDY6
BHLHE40		DbTF	TCF2	BHLHE40	O14503
BHLHE41		DbTF	TCF2	BHLHE41	Q9C0J9
BNC1		DbTF	TCF2	BNC1	Q01954
BSX		DbTF	TCF2	BSX	Q3C1V8
CARF		DbTF	TCF2	CARF	Q8N187
CASZ1		DbTF	TCF2	CASZ1	Q86V15
CC2D1A		DbTF	TCF2	CC2D1A	Q6P1N0
CDC5L		DbTF	TCF2	CDC5L	Q99459
CDX1		DbTF	TCF2	CDX1	P47902
CDX2		DbTF	TCF2	CDX2	Q99626
CDX4		DbTF	TCF2	CDX4	O14627
CEBPA		DbTF	TCF2	CEBPA	P49715
CEBPB		DbTF	TCF2	CEBPB	P17676
CEBPD		DbTF	TCF2	CEBPD	P49716
CEBPE		DbTF	TCF2	CEBPE	Q15744
CEBPG		DbTF	TCF2	CEBPG	P53567
CIC		DbTF	TCF2	CIC	Q96RK0
CLOCK		DbTF	TCF2	CLOCK	O15516
CREB1		DbTF	TCF2	CREB1	P16220
CREB3		DbTF	TCF2	CREB3	O43889
CREB3L1		DbTF	TCF2	CREB3L1	Q96BA8
CREB3L2		DbTF	TCF2	CREB3L2	Q70SY1
CREB3L3		DbTF	TCF2	CREB3L3	Q68CJ9
CREB3L4		DbTF	TCF2	CREB3L4	Q8TEY5
CREB5		DbTF	TCF2	CREB5	Q02930
CREBRF		DbTF	TCF2	CREBRF	Q8IUR6
CREBZF		DbTF	TCF2	CREBZF	Q9NS37
CREM		DbTF	TCF2	CREM	Q03060
CRX		DbTF	TCF2	CRX	O43186
CTCF		DbTF	TCF2	CTCF	P49711
CTCFL		DbTF	TCF2	CTCFL	Q8NI51
CUX1		DbTF	TCF2	CUX1	P39880
CUX2		DbTF	TCF2	CUX2	O14529
DACH1		DbTF	TCF2	DACH1	Q9UI36
DACH2		DbTF	TCF2	DACH2	Q96NX9
DBP		DbTF	TCF2	DBP	Q10586
DBX1		DbTF	TCF2	DBX1	A6NMT0
DDIT3		DbTF	TCF2	DDIT3	P35638
DEAF1		DbTF	TCF2	DEAF1	O75398
DLX1		DbTF	TCF2	DLX1	P56177
DLX2		DbTF	TCF2	DLX2	Q07687
DLX3		DbTF	TCF2	DLX3	O60479
DLX4		DbTF	TCF2	DLX4	Q92988
DLX5		DbTF	TCF2	DLX5	P56178
DLX6		DbTF	TCF2	DLX6	P56179
DMBX1		DbTF	TCF2	DMBX1	Q8NFW5
DMRT1		DbTF	TCF2	DMRT1	Q9Y5R6
DMRT3		DbTF	TCF2	DMRT3	Q9NQL9
DMRTA1		DbTF	TCF2	DMRTA1	Q5VZB9
DMRTA2		DbTF	TCF2	DMRTA2	Q96SC8
DMTF1		DbTF	TCF2	DMTF1	Q9Y222
DRGX		DbTF	TCF2	DRGX	A6NNA5
DUX4		DbTF	TCF2	DUX4	Q9UBX2
E2F1		DbTF	TCF2	E2F1	Q01094
E2F2		DbTF	TCF2	E2F2	Q14209
E2F3		DbTF	TCF2	E2F3	O00716
E2F4		DbTF	TCF2	E2F4	Q16254
E2F5		DbTF	TCF2	E2F5	Q15329
E2F6		DbTF	TCF2	E2F6	O75461
E2F7		DbTF	TCF2	E2F7	Q96AV8
E2F8		DbTF	TCF2	E2F8	A0AVK6
E4F1		DbTF	TCF2	E4F1	Q66K89
EBF1		DbTF	TCF2	EBF1	Q9UH73
EBF2		DbTF	TCF2	EBF2	Q9HAK2
EBF3		DbTF	TCF2	EBF3	Q9H4W6
EGR1		DbTF	TCF2	EGR1	P18146
EGR2		DbTF	TCF2	EGR2	P11161
EGR3		DbTF	TCF2	EGR3	Q06889
EGR4		DbTF	TCF2	EGR4	Q05215
EHF		DbTF	TCF2	EHF	Q9NZC4
ELF1		DbTF	TCF2	ELF1	P32519
ELF2		DbTF	TCF2	ELF2	Q15723
ELF3		DbTF	TCF2	ELF3	P78545
ELF4		DbTF	TCF2	ELF4	Q99607
ELF5		DbTF	TCF2	ELF5	Q9UKW6
ELK1		DbTF	TCF2	ELK1	P19419
ELK3		DbTF	TCF2	ELK3	P41970
ELK4		DbTF	TCF2	ELK4	P28324
EMX1		DbTF	TCF2	EMX1	Q04741
EMX2		DbTF	TCF2	EMX2	Q04743
EN1		DbTF	TCF2	EN1	Q05925
EN2		DbTF	TCF2	EN2	P19622
ENO1		DbTF	TCF2	ENO1	P06733
EOMES		DbTF	TCF2	EOMES	O95936
EPAS1		DbTF	TCF2	EPAS1	Q99814
ERF		DbTF	TCF2	ERF	P50548
ERG		DbTF	TCF2	ERG	P11308
ESR1		DbTF	TCF2	ESR1	P03372
ESR2		DbTF	TCF2	ESR2	Q92731
ESRRA		DbTF	TCF2	ESRRA	P11474
ESRRB		DbTF	TCF2	ESRRB	O95718
ESRRG		DbTF	TCF2	ESRRG	P62508
ESX1		DbTF	TCF2	ESX1	Q8N693
ETS1		DbTF	TCF2	ETS1	P14921
ETS2		DbTF	TCF2	ETS2	P15036
ETV1		DbTF	TCF2	ETV1	P50549
ETV2		DbTF	TCF2	ETV2	O00321
ETV3		DbTF	TCF2	ETV3	P41162
ETV4		DbTF	TCF2	ETV4	P43268
ETV5		DbTF	TCF2	ETV5	P41161
ETV6		DbTF	TCF2	ETV6	P41212
ETV7		DbTF	TCF2	ETV7	Q9Y603
EVX1		DbTF	TCF2	EVX1	P49640
EVX2		DbTF	TCF2	EVX2	Q03828
FERD3L		DbTF	TCF2	FERD3L	Q96RJ6
FEV		DbTF	TCF2	FEV	Q99581
FEZF1		DbTF	TCF2	FEZF1	A0PJY2
FEZF2		DbTF	TCF2	FEZF2	Q8TBJ5
FIGLA		DbTF	TCF2	FIGLA	Q6QHK4
FLI1		DbTF	TCF2	FLI1	Q01543
FOS		DbTF	TCF2	FOS	P01100
FOSB		DbTF	TCF2	FOSB	P53539
FOSL1		DbTF	TCF2	FOSL1	P15407
FOSL2		DbTF	TCF2	FOSL2	P15408
FOXA1		DbTF	TCF2	FOXA1	P55317
FOXA2		DbTF	TCF2	FOXA2	Q9Y261
FOXA3		DbTF	TCF2	FOXA3	P55318
FOXB1		DbTF	TCF2	FOXB1	Q99853
FOXC1		DbTF	TCF2	FOXC1	Q12948
FOXC2		DbTF	TCF2	FOXC2	Q99958
FOXD1		DbTF	TCF2	FOXD1	Q16676
FOXD2		DbTF	TCF2	FOXD2	O60548
FOXD3		DbTF	TCF2	FOXD3	Q9UJU5
FOXD4		DbTF	TCF2	FOXD4	Q12950
FOXE1		DbTF	TCF2	FOXE1	O00358
FOXF1		DbTF	TCF2	FOXF1	Q12946
FOXF2		DbTF	TCF2	FOXF2	Q12947
FOXG1		DbTF	TCF2	FOXG1	P55316
FOXH1		DbTF	TCF2	FOXH1	O75593
FOXI1		DbTF	TCF2	FOXI1	Q12951
FOXI3		DbTF	TCF2	FOXI3	A8MTJ6
FOXJ1		DbTF	TCF2	FOXJ1	Q92949
FOXJ2		DbTF	TCF2	FOXJ2	Q9P0K8
FOXJ3		DbTF	TCF2	FOXJ3	Q9UPW0
FOXK1		DbTF	TCF2	FOXK1	P85037
FOXK2		DbTF	TCF2	FOXK2	Q01167
FOXL1		DbTF	TCF2	FOXL1	Q12952
FOXL2		DbTF	TCF2	FOXL2	P58012
FOXM1		DbTF	TCF2	FOXM1	Q08050
FOXN1		DbTF	TCF2	FOXN1	O15353
FOXN3		DbTF	TCF2	FOXN3	O00409
FOXN4		DbTF	TCF2	FOXN4	Q96NZ1
FOXO1		DbTF	TCF2	FOXO1	Q12778
FOXO3		DbTF	TCF2	FOXO3	O43524
FOXO4		DbTF	TCF2	FOXO4	P98177
FOXO6		DbTF	TCF2	FOXO6	A8MYZ6
FOXP1		DbTF	TCF2	FOXP1	Q9H334
FOXP2		DbTF	TCF2	FOXP2	O15409
FOXP3		DbTF	TCF2	FOXP3	Q9BZS1
FOXP4		DbTF	TCF2	FOXP4	Q8IVH2
FOXQ1		DbTF	TCF2	FOXQ1	Q9C009
FOXS1		DbTF	TCF2	FOXS1	O43638
GABPA		DbTF	TCF2	GABPA	Q06546
GATA1		DbTF	TCF2	GATA1	P15976
GATA2		DbTF	TCF2	GATA2	P23769
GATA3		DbTF	TCF2	GATA3	P23771
GATA4		DbTF	TCF2	GATA4	P43694
GATA5		DbTF	TCF2	GATA5	Q9BWX5
GATA6		DbTF	TCF2	GATA6	Q92908
GBX2		DbTF	TCF2	GBX2	P52951
GCM1		DbTF	TCF2	GCM1	Q9NP62
GCM2		DbTF	TCF2	GCM2	O75603
GFI1		DbTF	TCF2	GFI1	Q99684
GFI1B		DbTF	TCF2	GFI1B	Q5VTD9
GLI1		DbTF	TCF2	GLI1	P08151
GLI2		DbTF	TCF2	GLI2	P10070
GLI3		DbTF	TCF2	GLI3	P10071
GLIS2		DbTF	TCF2	GLIS2	Q9BZE0
GLIS3		DbTF	TCF2	GLIS3	Q8NEA6
GMEB1		DbTF	TCF2	GMEB1	Q9Y692
GRHL1		DbTF	TCF2	GRHL1	Q9NZI5
GRHL2		DbTF	TCF2	GRHL2	Q6ISB3
GRHL3		DbTF	TCF2	GRHL3	Q8TE85
GSC		DbTF	TCF2	GSC	P56915
GSC2		DbTF	TCF2	GSC2	O15499
GSX1		DbTF	TCF2	GSX1	Q9H4S2
GSX2		DbTF	TCF2	GSX2	Q9BZM3
GTF2I		DbTF	TCF2	GTF2I	P78347
GTF2IRD1		DbTF	TCF2	GTF2IRD1	Q9UHL9
GZF1		DbTF	TCF2	GZF1	Q9H116
HAND1		DbTF	TCF2	HAND1	O96004
HAND2		DbTF	TCF2	HAND2	P61296
HBP1		DbTF	TCF2	HBP1	O60381
HELT		DbTF	TCF2	HELT	A6NFD8
HES1		DbTF	TCF2	HES1	Q14469
HES3		DbTF	TCF2	HES3	Q5TGS1
HES5		DbTF	TCF2	HES5	Q5TA89
HES6		DbTF	TCF2	HES6	Q96HZ4
HES7		DbTF	TCF2	HES7	Q9BYE0
HESX1		DbTF	TCF2	HESX1	Q9UBX0
HEY1		DbTF	TCF2	HEY1	Q9Y5J3
HEY2		DbTF	TCF2	HEY2	Q9UBP5
HEYL		DbTF	TCF2	HEYL	Q9NQ87
HHEX		DbTF	TCF2	HHEX	Q03014
HIC1		DbTF	TCF2	HIC1	Q14526
HIF1A		DbTF	TCF2	HIF1A	Q16665
HIF3A		DbTF	TCF2	HIF3A	Q9Y2N7
HINFP		DbTF	TCF2	HINFP	Q9BQA5
HIVEP1		DbTF	TCF2	HIVEP1	P15822
HIVEP2		DbTF	TCF2	HIVEP2	P31629
HIVEP3		DbTF	TCF2	HIVEP3	Q5T1R4
HLF		DbTF	TCF2	HLF	Q16534
HLX		DbTF	TCF2	HLX	Q14774
HMX1		DbTF	TCF2	HMX1	Q9NP08
HMX2		DbTF	TCF2	HMX2	A2RU54
HMX3		DbTF	TCF2	HMX3	A6NHT5
HNF1A		DbTF	TCF2	HNF1A	P20823
HNF1B		DbTF	TCF2	HNF1B	P35680
HNF4A		DbTF	TCF2	HNF4A	P41235
HNF4G		DbTF	TCF2	HNF4G	Q14541
HOXA1		DbTF	TCF2	HOXA1	P49639
HOXA10		DbTF	TCF2	HOXA10	P31260
HOXA11		DbTF	TCF2	HOXA11	P31270
HOXA13		DbTF	TCF2	HOXA13	P31271
HOXA2		DbTF	TCF2	HOXA2	O43364
HOXA3		DbTF	TCF2	HOXA3	O43365
HOXA4		DbTF	TCF2	HOXA4	Q00056
HOXA5		DbTF	TCF2	HOXA5	P20719
HOXA7		DbTF	TCF2	HOXA7	P31268
HOXA9		DbTF	TCF2	HOXA9	P31269
HOXB1		DbTF	TCF2	HOXB1	P14653
HOXB13		DbTF	TCF2	HOXB13	Q92826
HOXB2		DbTF	TCF2	HOXB2	P14652
HOXB3		DbTF	TCF2	HOXB3	P14651
HOXB4		DbTF	TCF2	HOXB4	P17483
HOXB5		DbTF	TCF2	HOXB5	P09067
HOXB6		DbTF	TCF2	HOXB6	P17509
HOXB7		DbTF	TCF2	HOXB7	P09629
HOXB8		DbTF	TCF2	HOXB8	P17481
HOXB9		DbTF	TCF2	HOXB9	P17482
HOXC10		DbTF	TCF2	HOXC10	Q9NYD6
HOXC11		DbTF	TCF2	HOXC11	O43248
HOXC13		DbTF	TCF2	HOXC13	P31276
HOXC4		DbTF	TCF2	HOXC4	P09017
HOXC5		DbTF	TCF2	HOXC5	Q00444
HOXC6		DbTF	TCF2	HOXC6	P09630
HOXC8		DbTF	TCF2	HOXC8	P31273
HOXC9		DbTF	TCF2	HOXC9	P31274
HOXD1		DbTF	TCF2	HOXD1	Q9GZZ0
HOXD10		DbTF	TCF2	HOXD10	P28358
HOXD11		DbTF	TCF2	HOXD11	P31277
HOXD12		DbTF	TCF2	HOXD12	P35452
HOXD13		DbTF	TCF2	HOXD13	P35453
HOXD3		DbTF	TCF2	HOXD3	P31249
HOXD4		DbTF	TCF2	HOXD4	P09016
HOXD8		DbTF	TCF2	HOXD8	P13378
HOXD9		DbTF	TCF2	HOXD9	P28356
HSF1		DbTF	TCF2	HSF1	Q00613
HSF2		DbTF	TCF2	HSF2	Q03933
HSF4		DbTF	TCF2	HSF4	Q9ULV5
IKZF1		DbTF	TCF2	IKZF1	Q13422
IKZF2		DbTF	TCF2	IKZF2	Q9UKS7
IKZF3		DbTF	TCF2	IKZF3	Q9UKT9
IKZF4		DbTF	TCF2	IKZF4	Q9H2S9
INSM1		DbTF	TCF2	INSM1	Q01101
IRF1		DbTF	TCF2	IRF1	P10914
IRF2		DbTF	TCF2	IRF2	P14316
IRF3		DbTF	TCF2	IRF3	Q14653
IRF4		DbTF	TCF2	IRF4	Q15306
IRF5		DbTF	TCF2	IRF5	Q13568
IRF6		DbTF	TCF2	IRF6	O14896
IRF7		DbTF	TCF2	IRF7	Q92985
IRF8		DbTF	TCF2	IRF8	Q02556
IRF9		DbTF	TCF2	IRF9	Q00978
IRX1		DbTF	TCF2	IRX1	P78414
IRX2		DbTF	TCF2	IRX2	Q9BZI1
IRX3		DbTF	TCF2	IRX3	P78415
IRX4		DbTF	TCF2	IRX4	P78413
IRX5		DbTF	TCF2	IRX5	P78411
IRX6		DbTF	TCF2	IRX6	P78412
ISL1		DbTF	TCF2	ISL1	P61371
ISL2		DbTF	TCF2	ISL2	Q96A47
ISX		DbTF	TCF2	ISX	Q2M1V0
JDP2		DbTF	TCF2	JDP2	Q8WYK2
JUN		DbTF	TCF2	JUN	P05412
JUNB		DbTF	TCF2	JUNB	P17275
JUND		DbTF	TCF2	JUND	P17535
KCNIP3		DbTF	TCF2	KCNIP3	Q9Y2W7
KLF1		DbTF	TCF2	KLF1	Q13351
KLF10		DbTF	TCF2	KLF10	Q13118
KLF11		DbTF	TCF2	KLF11	O14901
KLF12		DbTF	TCF2	KLF12	Q9Y4X4
KLF13		DbTF	TCF2	KLF13	Q9Y2Y9
KLF14		DbTF	TCF2	KLF14	Q8TD94
KLF15		DbTF	TCF2	KLF15	Q9UIH9
KLF16		DbTF	TCF2	KLF16	Q9BXK1
KLF17		DbTF	TCF2	KLF17	Q5JT82
KLF2		DbTF	TCF2	KLF2	Q9Y5W3
KLF3		DbTF	TCF2	KLF3	P57682
KLF4		DbTF	TCF2	KLF4	O43474
KLF5		DbTF	TCF2	KLF5	Q13887
KLF6		DbTF	TCF2	KLF6	Q99612
KLF7		DbTF	TCF2	KLF7	O75840
KLF8		DbTF	TCF2	KLF8	O95600
KLF9		DbTF	TCF2	KLF9	Q13886
LBX1		DbTF	TCF2	LBX1	P52954
LEF1		DbTF	TCF2	LEF1	Q9UJU2
LHX1		DbTF	TCF2	LHX1	P48742
LHX2		DbTF	TCF2	LHX2	P50458
LHX3		DbTF	TCF2	LHX3	Q9UBR4
LHX4		DbTF	TCF2	LHX4	Q969G2
LHX5		DbTF	TCF2	LHX5	Q9H2C1
LHX6		DbTF	TCF2	LHX6	Q9UPM6
LHX8		DbTF	TCF2	LHX8	Q68G74
LHX9		DbTF	TCF2	LHX9	Q9NQ69
LMX1A		DbTF	TCF2	LMX1A	Q8TE12
LMX1B		DbTF	TCF2	LMX1B	O60663
LRRFIP1		DbTF	TCF2	LRRFIP1	Q32MZ4
LYL1		DbTF	TCF2	LYL1	P12980
MAF		DbTF	TCF2	MAF	O75444
MAFA		DbTF	TCF2	MAFA	Q8NHW3
MAFB		DbTF	TCF2	MAFB	Q9Y5Q3
MAFF		DbTF	TCF2	MAFF	Q9ULX9
MAFG		DbTF	TCF2	MAFG	O15525
MAFK		DbTF	TCF2	MAFK	O60675
MAX		DbTF	TCF2	MAX	P61244
MAZ		DbTF	TCF2	MAZ	P56270
MECOM		DbTF	TCF2	MECOM	Q03112
MEF2A		DbTF	TCF2	MEF2A	Q02078
MEF2B		DbTF	TCF2	MEF2B	Q02080
MEF2C		DbTF	TCF2	MEF2C	Q06413
MEF2D		DbTF	TCF2	MEF2D	Q14814
MEIS1		DbTF	TCF2	MEIS1	O00470
MEIS2		DbTF	TCF2	MEIS2	O14770
MEIS3		DbTF	TCF2	MEIS3	Q99687
MEOX1		DbTF	TCF2	MEOX1	P50221
MEOX2		DbTF	TCF2	MEOX2	P50222
MESP1		DbTF	TCF2	MESP1	Q9BRJ9
MESP2		DbTF	TCF2	MESP2	Q0VG99
MGA		DbTF	TCF2	MGA	Q8IWI9
MITF		DbTF	TCF2	MITF	O75030
MITF1	MITF	DbTF	TCF2		
MIXL1		DbTF	TCF2	MIXL1	Q9H2W2
MKX		DbTF	TCF2	MKX	Q8IYA7
MLX		DbTF	TCF2	MLX	Q9UH92
MLXIP		DbTF	TCF2	MLXIP	Q9HAP2
MLXIPL		DbTF	TCF2	MLXIPL	Q9NP71
MNT		DbTF	TCF2	MNT	Q99583
MNX1		DbTF	TCF2	MNX1	P50219
MSC		DbTF	TCF2	MSC	O60682
MSGN1		DbTF	TCF2	MSGN1	A6NI15
MSX1		DbTF	TCF2	MSX1	P28360
MSX2		DbTF	TCF2	MSX2	P35548
MTF1		DbTF	TCF2	MTF1	Q14872
MXD1		DbTF	TCF2	MXD1	Q05195
MXD4		DbTF	TCF2	MXD4	Q14582
MXI1		DbTF	TCF2	MXI1	P50539
MYB		DbTF	TCF2	MYB	P10242
MYBL1		DbTF	TCF2	MYBL1	P10243
MYBL2		DbTF	TCF2	MYBL2	P10244
MYC		DbTF	TCF2	MYC	P01106
MYCL		DbTF	TCF2	MYCL	P12524
MYCN		DbTF	TCF2	MYCN	P04198
MYF5		DbTF	TCF2	MYF5	P13349
MYF6		DbTF	TCF2	MYF6	P23409
MYOD1		DbTF	TCF2	MYOD1	P15172
MYOG		DbTF	TCF2	MYOG	P15173
MYRF		DbTF	TCF2	MYRF	Q9Y2G1
MYT1		DbTF	TCF2	MYT1	Q01538
MYT1L		DbTF	TCF2	MYT1L	Q9UL68
MZF1		DbTF	TCF2	MZF1	P28698
NACC1		DbTF	TCF2	NACC1	Q96RE7
NANOG		DbTF	TCF2	NANOG	Q9H9S0
NEUROD1		DbTF	TCF2	NEUROD1	Q13562
NEUROD2		DbTF	TCF2	NEUROD2	Q15784
NEUROD4		DbTF	TCF2	NEUROD4	Q9HD90
NEUROD6		DbTF	TCF2	NEUROD6	Q96NK8
NEUROG1		DbTF	TCF2	NEUROG1	Q92886
NEUROG2		DbTF	TCF2	NEUROG2	Q9H2A3
NEUROG3		DbTF	TCF2	NEUROG3	Q9Y4Z2
NFAT5		DbTF	TCF2	NFAT5	O94916
NFATC1		DbTF	TCF2	NFATC1	O95644
NFATC2		DbTF	TCF2	NFATC2	Q13469
NFATC3		DbTF	TCF2	NFATC3	Q12968
NFATC4		DbTF	TCF2	NFATC4	Q14934
NFE2		DbTF	TCF2	NFE2	Q16621
NFE2L1		DbTF	TCF2	NFE2L1	Q14494
NFE2L2		DbTF	TCF2	NFE2L2	Q16236
NFE2L3		DbTF	TCF2	NFE2L3	Q9Y4A8
NFIA		DbTF	TCF2	NFIA	Q12857
NFIB		DbTF	TCF2	NFIB	O00712
NFIC		DbTF	TCF2	NFIC	P08651
NFIL3		DbTF	TCF2	NFIL3	Q16649
NFIX		DbTF	TCF2	NFIX	Q14938
NFKB		DbTF			
NFKB1		DbTF	TCF2	NFKB1	P19838
NFKB2		DbTF	TCF2	NFKB2	Q00653
NFX1		DbTF	TCF2	NFX1	Q12986
NFYA		DbTF	TCF2	NFYA	P23511
NFYB		DbTF	TCF2	NFYB	P25208
NFYC		DbTF	TCF2	NFYC	Q13952
NHLH1		DbTF	TCF2	NHLH1	Q02575
NHLH2		DbTF	TCF2	NHLH2	Q02577
NKRF		DbTF	TCF2	NKRF	O15226
NKX2-1		DbTF	TCF2	NKX2-1	P43699
NKX2-2		DbTF	TCF2	NKX2-2	O95096
NKX2-3		DbTF	TCF2	NKX2-3	Q8TAU0
NKX2-5		DbTF	TCF2	NKX2-5	P52952
NKX2-6		DbTF	TCF2	NKX2-6	A6NCS4
NKX2-8		DbTF	TCF2	NKX2-8	O15522
NKX3-1		DbTF	TCF2	NKX3-1	Q99801
NKX3-2		DbTF	TCF2	NKX3-2	P78367
NKX6-1		DbTF	TCF2	NKX6-1	P78426
NKX6-2		DbTF	TCF2	NKX6-2	Q9C056
NKX6-3		DbTF	TCF2	NKX6-3	A6NJ46
NOBOX		DbTF	TCF2	NOBOX	O60393
NOTO		DbTF	TCF2	NOTO	A8MTQ0
NPAS1		DbTF	TCF2	NPAS1	Q99742
NPAS2		DbTF	TCF2	NPAS2	Q99743
NPAS3		DbTF	TCF2	NPAS3	Q8IXF0
NPAS4		DbTF	TCF2	NPAS4	Q8IUM7
NR1D1		DbTF	TCF2	NR1D1	P20393
NR1D2		DbTF	TCF2	NR1D2	Q14995
NR1H2		DbTF	TCF2	NR1H2	P55055
NR1H3		DbTF	TCF2	NR1H3	Q13133
NR1H4		DbTF	TCF2	NR1H4	Q96RI1
NR1I2		DbTF	TCF2	NR1I2	O75469
NR1I3		DbTF	TCF2	NR1I3	Q14994
NR2C1		DbTF	TCF2	NR2C1	P13056
NR2C2		DbTF	TCF2	NR2C2	P49116
NR2E1		DbTF	TCF2	NR2E1	Q9Y466
NR2E3		DbTF	TCF2	NR2E3	Q9Y5X4
NR2F1		DbTF	TCF2	NR2F1	P10589
NR2F2		DbTF	TCF2	NR2F2	P24468
NR2F6		DbTF	TCF2	NR2F6	P10588
NR3C1		DbTF	TCF2	NR3C1	P04150
NR3C2		DbTF	TCF2	NR3C2	P08235
NR4A1		DbTF	TCF2	NR4A1	P22736
NR4A2		DbTF	TCF2	NR4A2	P43354
NR4A3		DbTF	TCF2	NR4A3	Q92570
NR5A1		DbTF	TCF2	NR5A1	Q13285
NR5A2		DbTF	TCF2	NR5A2	O00482
NR6A1		DbTF	TCF2	NR6A1	Q15406
NRF1		DbTF	TCF2	NRF1	Q16656
NRL		DbTF	TCF2	NRL	P54845
OLIG1		DbTF	TCF2	OLIG1	Q8TAK6
OLIG2		DbTF	TCF2	OLIG2	Q13516
OLIG3		DbTF	TCF2	OLIG3	Q7RTU3
ONECUT1		DbTF	TCF2	ONECUT1	Q9UBC0
ONECUT2		DbTF	TCF2	ONECUT2	O95948
ONECUT3		DbTF	TCF2	ONECUT3	O60422
OSR1		DbTF	TCF2	OSR1	Q8TAX0
OSR2		DbTF	TCF2	OSR2	Q8N2R0
OTP		DbTF	TCF2	OTP	Q5XKR4
OTX1		DbTF	TCF2	OTX1	P32242
OTX2		DbTF	TCF2	OTX2	P32243
OVOL1		DbTF	TCF2	OVOL1	O14753
OVOL2		DbTF	TCF2	OVOL2	Q9BRP0
PATZ1		DbTF	TCF2	PATZ1	Q9HBE1
PAX1		DbTF	TCF2	PAX1	P15863
PAX2		DbTF	TCF2	PAX2	Q02962
PAX3		DbTF	TCF2	PAX3	P23760
PAX4		DbTF	TCF2	PAX4	O43316
PAX5		DbTF	TCF2	PAX5	Q02548
PAX6		DbTF	TCF2	PAX6	P26367
PAX7		DbTF	TCF2	PAX7	P23759
PAX8		DbTF	TCF2	PAX8	Q06710
PAX9		DbTF	TCF2	PAX9	P55771
PBX1		DbTF	TCF2	PBX1	P40424
PBX2		DbTF	TCF2	PBX2	P40425
PBX3		DbTF	TCF2	PBX3	P40426
PBX4		DbTF	TCF2	PBX4	Q9BYU1
PDX1		DbTF	TCF2	PDX1	P52945
PEG3		DbTF	TCF2	PEG3	Q9GZU2
PGR		DbTF	TCF2	PGR	P06401
PHOX2A		DbTF	TCF2	PHOX2A	O14813
PHOX2B		DbTF	TCF2	PHOX2B	Q99453
PITX1		DbTF	TCF2	PITX1	P78337
PITX2		DbTF	TCF2	PITX2	Q99697
PITX3		DbTF	TCF2	PITX3	O75364
PKNOX1		DbTF	TCF2	PKNOX1	P55347
PLAG1		DbTF	TCF2	PLAG1	Q6DJT9
PLAGL1		DbTF	TCF2	PLAGL1	Q9UM63
PLAGL2		DbTF	TCF2	PLAGL2	Q9UPG8
PLSCR1		DbTF	TCF2	PLSCR1	O15162
POU1F1		DbTF	TCF2	POU1F1	P28069
POU2F1		DbTF	TCF2	POU2F1	P14859
POU2F2		DbTF	TCF2	POU2F2	P09086
POU2F3		DbTF	TCF2	POU2F3	Q9UKI9
POU3F1		DbTF	TCF2	POU3F1	Q03052
POU3F2		DbTF	TCF2	POU3F2	P20265
POU3F3		DbTF	TCF2	POU3F3	P20264
POU3F4		DbTF	TCF2	POU3F4	P49335
POU4F1		DbTF	TCF2	POU4F1	Q01851
POU4F2		DbTF	TCF2	POU4F2	Q12837
POU4F3		DbTF	TCF2	POU4F3	Q15319
POU5F1		DbTF	TCF2	POU5F1	Q01860
POU6F1		DbTF	TCF2	POU6F1	Q14863
POU6F2		DbTF	TCF2	POU6F2	P78424
PPARA		DbTF	TCF2	PPARA	Q07869
PPARD		DbTF	TCF2	PPARD	Q03181
PPARG		DbTF	TCF2	PPARG	P37231
PRDM1		DbTF	TCF2	PRDM1	O75626
PRDM15		DbTF	TCF2	PRDM15	P57071
PRDM16		DbTF	TCF2	PRDM16	Q9HAZ2
PRDM2		DbTF	TCF2	PRDM2	Q13029
PRDM4		DbTF	TCF2	PRDM4	Q9UKN5
PRDM5		DbTF	TCF2	PRDM5	Q9NQX1
PROP1		DbTF	TCF2	PROP1	O75360
PROX1		DbTF	TCF2	PROX1	Q92786
PRRX1		DbTF	TCF2	PRRX1	P54821
PRRX2		DbTF	TCF2	PRRX2	Q99811
PTF1A		DbTF	TCF2	PTF1A	Q7RTS3
PURA		DbTF	TCF2	PURA	Q00577
PURB		DbTF	TCF2	PURB	Q96QR8
RARA		DbTF	TCF2	RARA	P10276
RARB		DbTF	TCF2	RARB	P10826
RARG		DbTF	TCF2	RARG	P13631
RAX		DbTF	TCF2	RAX	Q9Y2V3
RBAK		DbTF	TCF2	RBAK	Q9NYW8
RBPJ		DbTF	TCF2	RBPJ	Q06330
RBPJL		DbTF	TCF2	RBPJL	Q9UBG7
REL		DbTF	TCF2	REL	Q04864
RELA		DbTF	TCF2	RELA	Q04206
RELB		DbTF	TCF2	RELB	Q01201
REST		DbTF	TCF2	REST	Q13127
RFX1		DbTF	TCF2	RFX1	P22670
RFX2		DbTF	TCF2	RFX2	P48378
RFX3		DbTF	TCF2	RFX3	P48380
RFX4		DbTF	TCF2	RFX4	Q33E94
RFX5		DbTF	TCF2	RFX5	P48382
RFX6		DbTF	TCF2	RFX6	Q8HWS3
RHOXF1		DbTF	TCF2	RHOXF1	Q8NHV9
RLF		DbTF	TCF2	RLF	Q13129
RORA		DbTF	TCF2	RORA	P35398
RORB		DbTF	TCF2	RORB	Q92753
RORC		DbTF	TCF2	RORC	P51449
RREB1		DbTF	TCF2	RREB1	Q92766
RUNX1		DbTF	TCF2	RUNX1	Q01196
RUNX2		DbTF	TCF2	RUNX2	Q13950
RUNX3		DbTF	TCF2	RUNX3	Q13761
RXRA		DbTF	TCF2	RXRA	P19793
RXRB		DbTF	TCF2	RXRB	P28702
RXRG		DbTF	TCF2	RXRG	P48443
SALL1		DbTF	TCF2	SALL1	Q9NSC2
SALL2		DbTF	TCF2	SALL2	Q9Y467
SALL3		DbTF	TCF2	SALL3	Q9BXA9
SALL4		DbTF	TCF2	SALL4	Q9UJQ4
SATB1		DbTF	TCF2	SATB1	Q01826
SATB2		DbTF	TCF2	SATB2	Q9UPW6
SCRT1		DbTF	TCF2	SCRT1	Q9BWW7
SCX		DbTF	TCF2	SCX	Q7RTU7
SHOX		DbTF	TCF2	SHOX	O15266
SHOX2		DbTF	TCF2	SHOX2	O60902
SIM1		DbTF	TCF2	SIM1	P81133
SIM2		DbTF	TCF2	SIM2	Q14190
SIX1		DbTF	TCF2	SIX1	Q15475
SIX2		DbTF	TCF2	SIX2	Q9NPC8
SIX3		DbTF	TCF2	SIX3	O95343
SIX4		DbTF	TCF2	SIX4	Q9UIU6
SIX5		DbTF	TCF2	SIX5	Q8N196
SIX6		DbTF	TCF2	SIX6	O95475
SKI		DbTF	TCF2	SKI	P12755
SKIL		DbTF	TCF2	SKIL	P12757
SLC2A4RG		DbTF	TCF2	SLC2A4RG	Q9NR83
SMAD1		DbTF	TCF2	SMAD1	Q15797
SMAD2		DbTF	TCF2	SMAD2	Q15796
SMAD3		DbTF	TCF2	SMAD3	P84022
SMAD4		DbTF	TCF2	SMAD4	Q13485
SMAD5		DbTF	TCF2	SMAD5	Q99717
SMAD8	SMAD9	DbTF	TCF2	SMAD9	O15198
SMAD9		DbTF	TCF2	SMAD9	O15198
SNAI1		DbTF	TCF2	SNAI1	O95863
SNAI2		DbTF	TCF2	SNAI2	O43623
SOHLH1		DbTF	TCF2	SOHLH1	Q5JUK2
SOHLH2		DbTF	TCF2	SOHLH2	Q9NX45
SOX1		DbTF	TCF2	SOX1	O00570
SOX10		DbTF	TCF2	SOX10	P56693
SOX11		DbTF	TCF2	SOX11	P35716
SOX14		DbTF	TCF2	SOX14	O95416
SOX15		DbTF	TCF2	SOX15	O60248
SOX17		DbTF	TCF2	SOX17	Q9H6I2
SOX18		DbTF	TCF2	SOX18	P35713
SOX2		DbTF	TCF2	SOX2	P48431
SOX21		DbTF	TCF2	SOX21	Q9Y651
SOX3		DbTF	TCF2	SOX3	P41225
SOX4		DbTF	TCF2	SOX4	Q06945
SOX5		DbTF	TCF2	SOX5	P35711
SOX6		DbTF	TCF2	SOX6	P35712
SOX7		DbTF	TCF2	SOX7	Q9BT81
SOX8		DbTF	TCF2	SOX8	P57073
SOX9		DbTF	TCF2	SOX9	P48436
SP1		DbTF	TCF2	SP1	P08047
SP100		DbTF	TCF2	SP100	P23497
SP140		DbTF	TCF2	SP140	Q13342
SP2		DbTF	TCF2	SP2	Q02086
SP3		DbTF	TCF2	SP3	Q02447
SP4		DbTF	TCF2	SP4	Q02446
SP5		DbTF	TCF2	SP5	Q6BEB4
SP6		DbTF	TCF2	SP6	Q3SY56
SP7		DbTF	TCF2	SP7	Q8TDD2
SP8		DbTF	TCF2	SP8	Q8IXZ3
SPDEF		DbTF	TCF2	SPDEF	O95238
SPI1		DbTF	TCF2	SPI1	P17947
SPIB		DbTF	TCF2	SPIB	Q01892
SPIC		DbTF	TCF2	SPIC	Q8N5J4
SPZ1		DbTF	TCF2	SPZ1	Q9BXG8
SREBF1		DbTF	TCF2	SREBF1	P36956
SREBF2		DbTF	TCF2	SREBF2	Q12772
SRF		DbTF	TCF2	SRF	P11831
SRY		DbTF	TCF2	SRY	Q05066
ST18		DbTF	TCF2	ST18	O60284
STAT1		DbTF	TCF2	STAT1	P42224
STAT2		DbTF	TCF2	STAT2	P52630
STAT3		DbTF	TCF2	STAT3	P40763
STAT4		DbTF	TCF2	STAT4	Q14765
STAT5A		DbTF	TCF2	STAT5A	P42229
STAT5B		DbTF	TCF2	STAT5B	P51692
STAT6		DbTF	TCF2	STAT6	P42226
STOX1		DbTF	TCF2	STOX1	Q6ZVD7
T	TBXT	DbTF	TCF2	TBXT	O15178
TAL1		DbTF	TCF2	TAL1	P17542
TBR1		DbTF	TCF2	TBR1	Q16650
TBX1		DbTF	TCF2	TBX1	O43435
TBX10		DbTF	TCF2	TBX10	O75333
TBX15		DbTF	TCF2	TBX15	Q96SF7
TBX18		DbTF	TCF2	TBX18	O95935
TBX19		DbTF	TCF2	TBX19	O60806
TBX2		DbTF	TCF2	TBX2	Q13207
TBX20		DbTF	TCF2	TBX20	Q9UMR3
TBX21		DbTF	TCF2	TBX21	Q9UL17
TBX22		DbTF	TCF2	TBX22	Q9Y458
TBX3		DbTF	TCF2	TBX3	O15119
TBX4		DbTF	TCF2	TBX4	P57082
TBX5		DbTF	TCF2	TBX5	Q99593
TBX6		DbTF	TCF2	TBX6	O95947
TCF12		DbTF	TCF2	TCF12	Q99081
TCF15		DbTF	TCF2	TCF15	Q12870
TCF21		DbTF	TCF2	TCF21	O43680
TCF23		DbTF	TCF2	TCF23	Q7RTU1
TCF3		DbTF	TCF2	TCF3	P15923
TCF4		DbTF	TCF2	TCF4	P15884
TCF7		DbTF	TCF2	TCF7	P36402
TCF7L1		DbTF	TCF2	TCF7L1	Q9HCS4
TCF7L2		DbTF	TCF2	TCF7L2	Q9NQB0
TCFL5		DbTF	TCF2	TCFL5	Q9UL49
TEAD1		DbTF	TCF2	TEAD1	P28347
TEAD2		DbTF	TCF2	TEAD2	Q15562
TEAD4		DbTF	TCF2	TEAD4	Q15561
TEF		DbTF	TCF2	TEF	Q10587
TFAP2A		DbTF	TCF2	TFAP2A	P05549
TFAP2B		DbTF	TCF2	TFAP2B	Q92481
TFAP2C		DbTF	TCF2	TFAP2C	Q92754
TFAP2D		DbTF	TCF2	TFAP2D	Q7Z6R9
TFAP2E		DbTF	TCF2	TFAP2E	Q6VUC0
TFAP4		DbTF	TCF2	TFAP4	Q01664
TFCP2		DbTF	TCF2	TFCP2	Q12800
TFCP2L1		DbTF	TCF2	TFCP2L1	Q9NZI6
TFDP1		DbTF	TCF2	TFDP1	Q14186
TFDP2		DbTF	TCF2	TFDP2	Q14188
TFE3		DbTF	TCF2	TFE3	P19532
TFEB		DbTF	TCF2	TFEB	P19484
TFEC		DbTF	TCF2	TFEC	O14948
TGIF1		DbTF	TCF2	TGIF1	Q15583
TGIF2LX		DbTF	TCF2	TGIF2LX	Q8IUE1
THAP1		DbTF	TCF2	THAP1	Q9NVV9
THAP11		DbTF	TCF2	THAP11	Q96EK4
THRA		DbTF	TCF2	THRA	P10827
THRB		DbTF	TCF2	THRB	P10828
TLX1		DbTF	TCF2	TLX1	P31314
TLX2		DbTF	TCF2	TLX2	O43763
TLX3		DbTF	TCF2	TLX3	O43711
TP53		DbTF	TCF2	TP53	P04637
TP63		DbTF	TCF2	TP63	Q9H3D4
TP73		DbTF	TCF2	TP73	O15350
TRPS1		DbTF	TCF2	TRPS1	Q9UHF7
TSHZ1		DbTF	TCF2	TSHZ1	Q6ZSZ6
TSHZ3		DbTF	TCF2	TSHZ3	Q63HK5
TWIST1		DbTF	TCF2	TWIST1	Q15672
TWIST2		DbTF	TCF2	TWIST2	Q8WVJ9
UBP1		DbTF	TCF2	UBP1	Q9NZI7
UNCX		DbTF	TCF2	UNCX	A6NJT0
USF1		DbTF	TCF2	USF1	P22415
USF2		DbTF	TCF2	USF2	Q15853
VAX1		DbTF	TCF2	VAX1	Q5SQQ9
VAX2		DbTF	TCF2	VAX2	Q9UIW0
VDR		DbTF	TCF2	VDR	P11473
VENTX		DbTF	TCF2	VENTX	O95231
VEZF1		DbTF	TCF2	VEZF1	Q14119
VSX1		DbTF	TCF2	VSX1	Q9NZR4
VSX2		DbTF	TCF2	VSX2	P58304
WT1		DbTF	TCF2	WT1	P19544
XBP1		DbTF	TCF2	XBP1	P17861
YY1		DbTF	TCF2	YY1	P25490
YY2		DbTF	TCF2	YY2	O15391
ZBED1		DbTF	TCF2	ZBED1	O96006
ZBED6		DbTF	TCF2	ZBED6	P86452
ZBTB10		DbTF	TCF2	ZBTB10	Q96DT7
ZBTB12		DbTF	TCF2	ZBTB12	Q9Y330
ZBTB14		DbTF	TCF2	ZBTB14	O43829
ZBTB16		DbTF	TCF2	ZBTB16	Q05516
ZBTB17		DbTF	TCF2	ZBTB17	Q13105
ZBTB18		DbTF	TCF2	ZBTB18	Q99592
ZBTB2		DbTF	TCF2	ZBTB2	Q8N680
ZBTB20		DbTF	TCF2	ZBTB20	Q9HC78
ZBTB22		DbTF	TCF2	ZBTB22	O15209
ZBTB32		DbTF	TCF2	ZBTB32	Q9Y2Y4
ZBTB33		DbTF	TCF2	ZBTB33	Q86T24
ZBTB38		DbTF	TCF2	ZBTB38	Q8NAP3
ZBTB4		DbTF	TCF2	ZBTB4	Q9P1Z0
ZBTB48		DbTF	TCF2	ZBTB48	P10074
ZBTB5		DbTF	TCF2	ZBTB5	O15062
ZBTB6		DbTF	TCF2	ZBTB6	Q15916
ZBTB7A		DbTF	TCF2	ZBTB7A	O95365
ZBTB7B		DbTF	TCF2	ZBTB7B	O15156
ZBTB7C		DbTF	TCF2	ZBTB7C	A1YPR0
ZBTB8A		DbTF	TCF2	ZBTB8A	Q96BR9
ZBTB8B		DbTF	TCF2	ZBTB8B	Q8NAP8
ZC3H8		DbTF	TCF2	ZC3H8	Q8N5P1
ZEB1		DbTF	TCF2	ZEB1	P37275
ZEB2		DbTF	TCF2	ZEB2	O60315
ZFAT		DbTF	TCF2	ZFAT	Q9P243
ZFHX2		DbTF	TCF2	ZFHX2	Q9C0A1
ZFHX3		DbTF	TCF2	ZFHX3	Q15911
ZFHX4		DbTF	TCF2	ZFHX4	Q86UP3
ZFP1		DbTF	TCF2	ZFP1	Q6P2D0
ZFP42		DbTF	TCF2	ZFP42	Q96MM3
ZFP57		DbTF	TCF2	ZFP57	Q9NU63
ZFP90		DbTF	TCF2	ZFP90	Q8TF47
ZFX		DbTF	TCF2	ZFX	P17010
ZGLP1		DbTF	TCF2	ZGLP1	P0C6A0
ZGPAT		DbTF	TCF2	ZGPAT	Q8N5A5
ZHX1		DbTF	TCF2	ZHX1	Q9UKY1
ZHX2		DbTF	TCF2	ZHX2	Q9Y6X8
ZHX3		DbTF	TCF2	ZHX3	Q9H4I2
ZIC1		DbTF	TCF2	ZIC1	Q15915
ZIC2		DbTF	TCF2	ZIC2	O95409
ZIC3		DbTF	TCF2	ZIC3	O60481
ZIK1		DbTF	TCF2	ZIK1	Q3SY52
ZKSCAN3		DbTF	TCF2	ZKSCAN3	Q9BRR0
ZKSCAN4		DbTF	TCF2	ZKSCAN4	Q969J2
ZKSCAN7		DbTF	TCF2	ZKSCAN7	Q9P0L1
ZNF134		DbTF	TCF2	ZNF134	P52741
ZNF135		DbTF	TCF2	ZNF135	P52742
ZNF14		DbTF	TCF2	ZNF14	P17017
ZNF140		DbTF	TCF2	ZNF140	P52738
ZNF143		DbTF	TCF2	ZNF143	P52747
ZNF148		DbTF	TCF2	ZNF148	Q9UQR1
ZNF154		DbTF	TCF2	ZNF154	Q13106
ZNF16		DbTF	TCF2	ZNF16	P17020
ZNF160		DbTF	TCF2	ZNF160	Q9HCG1
ZNF174		DbTF	TCF2	ZNF174	Q15697
ZNF175		DbTF	TCF2	ZNF175	Q9Y473
ZNF184		DbTF	TCF2	ZNF184	Q99676
ZNF189		DbTF	TCF2	ZNF189	O75820
ZNF195		DbTF	TCF2	ZNF195	O14628
ZNF2		DbTF	TCF2	ZNF2	Q9BSG1
ZNF20		DbTF	TCF2	ZNF20	P17024
ZNF202		DbTF	TCF2	ZNF202	O95125
ZNF205		DbTF	TCF2	ZNF205	O95201
ZNF217		DbTF	TCF2	ZNF217	O75362
ZNF219		DbTF	TCF2	ZNF219	Q9P2Y4
ZNF224		DbTF	TCF2	ZNF224	Q9NZL3
ZNF230		DbTF	TCF2	ZNF230	Q9UIE0
ZNF236		DbTF	TCF2	ZNF236	Q9UL36
ZNF239		DbTF	TCF2	ZNF239	Q16600
ZNF24		DbTF	TCF2	ZNF24	P17028
ZNF250		DbTF	TCF2	ZNF250	P15622
ZNF256		DbTF	TCF2	ZNF256	Q9Y2P7
ZNF260		DbTF	TCF2	ZNF260	Q3ZCT1
ZNF263		DbTF	TCF2	ZNF263	O14978
ZNF266		DbTF	TCF2	ZNF266	Q14584
ZNF267		DbTF	TCF2	ZNF267	Q14586
ZNF268		DbTF	TCF2	ZNF268	Q14587
ZNF274		DbTF	TCF2	ZNF274	Q96GC6
ZNF281		DbTF	TCF2	ZNF281	Q9Y2X9
ZNF287		DbTF	TCF2	ZNF287	Q9HBT7
ZNF292		DbTF	TCF2	ZNF292	O60281
ZNF296		DbTF	TCF2	ZNF296	Q8WUU4
ZNF300		DbTF	TCF2	ZNF300	Q96RE9
ZNF316		DbTF	TCF2	ZNF316	A6NFI3
ZNF32		DbTF	TCF2	ZNF32	P17041
ZNF331		DbTF	TCF2	ZNF331	Q9NQX6
ZNF350		DbTF	TCF2	ZNF350	Q9GZX5
ZNF354B		DbTF	TCF2	ZNF354B	Q96LW1
ZNF354C		DbTF	TCF2	ZNF354C	Q86Y25
ZNF362		DbTF	TCF2	ZNF362	Q5T0B9
ZNF382		DbTF	TCF2	ZNF382	Q96SR6
ZNF383		DbTF	TCF2	ZNF383	Q8NA42
ZNF384		DbTF	TCF2	ZNF384	Q8TF68
ZNF395		DbTF	TCF2	ZNF395	Q9H8N7
ZNF398		DbTF	TCF2	ZNF398	Q8TD17
ZNF417		DbTF	TCF2	ZNF417	Q8TAU3
ZNF419		DbTF	TCF2	ZNF419	Q96HQ0
ZNF420		DbTF	TCF2	ZNF420	Q8TAQ5
ZNF423		DbTF	TCF2	ZNF423	Q2M1K9
ZNF431		DbTF	TCF2	ZNF431	Q8TF32
ZNF436		DbTF	TCF2	ZNF436	Q9C0F3
ZNF444		DbTF	TCF2	ZNF444	Q8N0Y2
ZNF461		DbTF	TCF2	ZNF461	Q8TAF7
ZNF492		DbTF	TCF2	ZNF492	Q9P255
ZNF512B		DbTF	TCF2	ZNF512B	Q96KM6
ZNF521		DbTF	TCF2	ZNF521	Q96K83
ZNF569		DbTF	TCF2	ZNF569	Q5MCW4
ZNF571		DbTF	TCF2	ZNF571	Q7Z3V5
ZNF652		DbTF	TCF2	ZNF652	Q9Y2D9
ZNF667		DbTF	TCF2	ZNF667	Q5HYK9
ZNF668		DbTF	TCF2	ZNF668	Q96K58
ZNF671		DbTF	TCF2	ZNF671	Q8TAW3
ZNF692		DbTF	TCF2	ZNF692	Q9BU19
ZNF699		DbTF	TCF2	ZNF699	Q32M78
ZNF746		DbTF	TCF2	ZNF746	Q6NUN9
ZNF76		DbTF	TCF2	ZNF76	P36508
ZNF77		DbTF	TCF2	ZNF77	Q15935
ZNF79		DbTF	TCF2	ZNF79	Q15937
ZNF8		DbTF	TCF2	ZNF8	P17098
ZNF85		DbTF	TCF2	ZNF85	Q03923
ZNF91		DbTF	TCF2	ZNF91	Q05481
ZSCAN10		DbTF	TCF2	ZSCAN10	Q96SZ4
ZSCAN18		DbTF	TCF2	ZSCAN18	Q8TBC5
ZSCAN21		DbTF	TCF2	ZSCAN21	Q9Y5A6
ZSCAN26		DbTF	TCF2	ZSCAN26	Q16670
ZSCAN9		DbTF	TCF2	ZSCAN9	O15535
ADNP2		DbTF	TCF2	ADNP2	Q6IQ32
AEBP1		DbTF	TCF2	AEBP1	Q8IUX7
AHR		DbTF	TCF2	AHR	P35869
AHRR		DbTF	TCF2	AHRR	A9YTQ3
ABL1		coTF	TCF2	ABL1	P00519
ACTN4		coTF	TCF2	ACTN4	O43707
AEBP2		coTF	TCF2	AEBP2	Q6ZN18
AES	TLE5	coTF	TCF2	TLE5	Q08117
AGAP2		coTF	TCF2	AGAP2	Q99490
AGO1		coTF	TCF2	AGO1	Q9UL18
AGO2		coTF	TCF2	AGO2	Q9UKV8
AIP		coTF	TCF2	AIP	O00170
AKIRIN2		coTF	TCF2	AKIRIN2	Q53H80
AKT1		coTF	TCF2	AKT1	P31749
AKT2		coTF	TCF2	AKT2	P31751
ANKRD1		coTF	TCF2	ANKRD1	Q15327
APBB1		coTF	TCF2	APBB1	O00213
APEX1		coTF	TCF2	APEX1	P27695
ARHGAP35		coTF	TCF2	ARHGAP35	Q9NRY4
ARID1A		coTF	TCF2	ARID1A	O14497
ARID1B		coTF	TCF2	ARID1B	Q8NFD5
ARID3A		coTF	TCF2	ARID3A	Q99856
ARID5A		coTF	TCF2	ARID5A	Q03989
ARID5B		coTF	TCF2	ARID5B	Q14865
ASH1L		coTF	TCF2	ASH1L	Q9NR48
ASXL1		coTF	TCF2	ASXL1	Q8IXJ9
ATRX		coTF	TCF2	ATRX	P46100
BANP		coTF	TCF2	BANP	Q8N9N5
BCL3		coTF	TCF2	BCL3	P20749
BCLAF1		coTF	TCF2	BCLAF1	Q9NYF8
BCOR		coTF	TCF2	BCOR	Q6W2J9
BDP1		coTF	TCF2	BDP1	A6H8Y1
BMI1		coTF	TCF2	BMI1	P35226
BPTF		coTF	TCF2	BPTF	Q12830
BRCA1		coTF	TCF2	BRCA1	P38398
BRCA2		coTF	TCF2	BRCA2	P51587
BRD1		coTF	TCF2	BRD1	O95696
BRD2		coTF	TCF2	BRD2	P25440
BRD4		coTF	TCF2	BRD4	O60885
BRD7		coTF	TCF2	BRD7	Q9NPI1
BRIP1		coTF	TCF2	BRIP1	Q9BX63
BRPF1		coTF	TCF2	BRPF1	P55201
BTAF1		coTF	TCF2	BTAF1	O14981
BTF3		coTF	TCF2	BTF3	P20290
BTG2		coTF	TCF2	BTG2	P78543
CAMK1		coTF	TCF2	CAMK1	Q14012
CAMTA1		coTF	TCF2	CAMTA1	Q9Y6Y1
CBFA2T3		coTF	TCF2	CBFA2T3	O75081
CBFB		coTF	TCF2	CBFB	Q13951
CBX1		coTF	TCF2	CBX1	P83916
CBX3		coTF	TCF2	CBX3	Q13185
CBX4		coTF	TCF2	CBX4	O00257
CBX7		coTF	TCF2	CBX7	O95931
CBX8		coTF	TCF2	CBX8	Q9HC52
CCNC		coTF	TCF2	CCNC	P24863
CCND1		coTF	TCF2	CCND1	P24385
CCNT1		coTF	TCF2	CCNT1	O60563
CDC73		coTF	TCF2	CDC73	Q6P1J9
CDCA7L		coTF	TCF2	CDCA7L	Q96GN5
CDK7		coTF	TCF2	CDK7	P50613
CDK8		coTF	TCF2	CDK8	P49336
CDK9		coTF	TCF2	CDK9	P50750
CEBPZ		coTF	TCF2	CEBPZ	Q03701
CGGBP1		coTF	TCF2	CGGBP1	Q9UFW8
CHD4		coTF	TCF2	CHD4	Q14839
CHD7		coTF	TCF2	CHD7	Q9P2D1
CHD8		coTF	TCF2	CHD8	Q9HCK8
CIITA		coTF	TCF2	CIITA	P33076
CITED2		coTF	TCF2	CITED2	Q99967
CNBP		coTF	TCF2	CNBP	P62633
CNOT3		coTF	TCF2	CNOT3	O75175
CNOT7		coTF	TCF2	CNOT7	Q9UIV1
CNOT8		coTF	TCF2	CNOT8	Q9UFF9
COPS5		coTF	TCF2	COPS5	Q92905
CRABP2		coTF	TCF2	CRABP2	P29373
CREBBP		coTF	TCF2	CREBBP	Q92793
CREG1		coTF	TCF2	CREG1	O75629
CRTC1		coTF	TCF2	CRTC1	Q6UUV9
CTBP1		coTF	TCF2	CTBP1	Q13363
CTBP2		coTF	TCF2	CTBP2	P56545
CTDSPL2		coTF	TCF2	CTDSPL2	Q05D32
CTNNB1		coTF	TCF2	CTNNB1	P35222
CTNNBIP1		coTF	TCF2	CTNNBIP1	Q9NSA3
CTNND1		coTF	TCF2	CTNND1	O60716
CXXC1		coTF	TCF2	CXXC1	Q9P0U4
DAXX		coTF	TCF2	DAXX	Q9UER7
DDX5		coTF	TCF2	DDX5	P17844
DEK		coTF	TCF2	DEK	P35659
DMAP1		coTF	TCF2	DMAP1	Q9NPF5
DNMT1		coTF	TCF2	DNMT1	P26358
DNMT3A		coTF	TCF2	DNMT3A	Q9Y6K1
DNMT3B		coTF	TCF2	DNMT3B	Q9UBC3
DPF3		coTF	TCF2	DPF3	Q92784
DR1		coTF	TCF2	DR1	Q01658
DRAP1		coTF	TCF2	DRAP1	Q14919
DTX1		coTF	TCF2	DTX1	Q86Y01
EAF1		coTF	TCF2	EAF1	Q96JC9
EAF2		coTF	TCF2	EAF2	Q96CJ1
EAPP		coTF	TCF2	EAPP	Q56P03
ECD		coTF	TCF2	ECD	O95905
EED		coTF	TCF2	EED	O75530
EEF1A1		coTF	TCF2	EEF1A1	P68104
EGFR		coTF	TCF2	EGFR	P00533
EGLN1		coTF	TCF2	EGLN1	Q9GZT9
EHMT2		coTF	TCF2	EHMT2	Q96KQ7
EIF2AK2		coTF	TCF2	EIF2AK2	P19525
ELL		coTF	TCF2	ELL	P55199
ENG		coTF	TCF2	ENG	P17813
EP300		coTF	TCF2	EP300	Q09472
ERBB2		coTF	TCF2	ERBB2	P04626
ERCC2		coTF	TCF2	ERCC2	P18074
EWSR1		coTF	TCF2	EWSR1	Q01844
EZH2		coTF	TCF2	EZH2	Q15910
FGF2		coTF	TCF2	FGF2	P09038
FGFR2		coTF	TCF2	FGFR2	P21802
FHIT		coTF	TCF2	FHIT	P49789
FHL2		coTF	TCF2	FHL2	Q14192
FIZ1		coTF	TCF2	FIZ1	Q96SL8
HCFC1		coTF	TCF2	HCFC1	P51610
HDAC1		coTF	TCF2	HDAC1	Q13547
HDAC10		coTF	TCF2	HDAC10	Q969S8
HDAC11		coTF	TCF2	HDAC11	Q96DB2
HDAC2		coTF	TCF2	HDAC2	Q92769
HDAC3		coTF	TCF2	HDAC3	O15379
HDAC4		coTF	TCF2	HDAC4	P56524
HDAC5		coTF	TCF2	HDAC5	Q9UQL6
HDAC7		coTF	TCF2	HDAC7	Q8WUI4
HDAC9		coTF	TCF2	HDAC9	Q9UKV0
HDGF		coTF	TCF2	HDGF	P51858
HEXIM1		coTF	TCF2	HEXIM1	O94992
HIP1		coTF	TCF2	HIP1	O00291
HIPK2		coTF	TCF2	HIPK2	Q9H2X6
HIRA		coTF	TCF2	HIRA	P54198
HLTF		coTF	TCF2	HLTF	Q14527
HMGA1		coTF	TCF2	HMGA1	P17096
HMGA2		coTF	TCF2	HMGA2	P52926
HMGB1		coTF	TCF2	HMGB1	P09429
HMGB2		coTF	TCF2	HMGB2	P26583
HMGN3		coTF	TCF2	HMGN3	Q15651
HNRNPA2B1		coTF	TCF2	HNRNPA2B1	P22626
HNRNPAB		coTF	TCF2	HNRNPAB	Q99729
HNRNPD		coTF	TCF2	HNRNPD	Q14103
HNRNPK		coTF	TCF2	HNRNPK	P61978
HR		coTF	TCF2	HR	O43593
HTATIP2		coTF	TCF2	HTATIP2	Q9BUP3
IFI16		coTF	TCF2	IFI16	Q16666
IKBKB		coTF	TCF2	IKBKB	O14920
ILF2		coTF	TCF2	ILF2	Q12905
ING1		coTF	TCF2	ING1	Q9UK53
ING4		coTF	TCF2	ING4	Q9UNL4
IRF2BPL		coTF	TCF2	IRF2BPL	Q9H1B7
JMJD6		coTF	TCF2	JMJD6	Q6NYC1
KAT2B		coTF	TCF2	KAT2B	Q92831
KAT5		coTF	TCF2	KAT5	Q92993
KAT6A		coTF	TCF2	KAT6A	Q92794
KAT6B		coTF	TCF2	KAT6B	Q8WYB5
KAT7		coTF	TCF2	KAT7	O95251
KAT8		coTF	TCF2	KAT8	Q9H7Z6
KDM1A		coTF	TCF2	KDM1A	O60341
KDM2A		coTF	TCF2	KDM2A	Q9Y2K7
KDM2B		coTF	TCF2	KDM2B	Q8NHM5
KDM4B		coTF	TCF2	KDM4B	O94953
KDM4C		coTF	TCF2	KDM4C	Q9H3R0
KDM5A		coTF	TCF2	KDM5A	P29375
KDM5B		coTF	TCF2	KDM5B	Q9UGL1
KDM5C		coTF	TCF2	KDM5C	P41229
KDM5D		coTF	TCF2	KDM5D	Q9BY66
KDM6B		coTF	TCF2	KDM6B	O15054
KHDRBS1		coTF	TCF2	KHDRBS1	Q07666
KMT2A		coTF	TCF2	KMT2A	Q03164
KMT2B		coTF	TCF2	KMT2B	Q9UMN6
KMT2C		coTF	TCF2	KMT2C	Q8NEZ4
KMT2D		coTF	TCF2	KMT2D	O14686
LCOR		coTF	TCF2	LCOR	Q96JN0
LDB1		coTF	TCF2	LDB1	Q86U70
LIMD1		coTF	TCF2	LIMD1	Q9UGP4
LITAF		coTF	TCF2	LITAF	Q99732
LMO2		coTF	TCF2	LMO2	P25791
MAML1		coTF	TCF2	MAML1	Q92585
MAML2		coTF	TCF2	MAML2	Q8IZL2
MAP2K1		coTF	TCF2	MAP2K1	Q02750
MAP2K5		coTF	TCF2	MAP2K5	Q13163
MAP3K7		coTF	TCF2	MAP3K7	O43318
MAPK11		coTF	TCF2	MAPK11	Q15759
MAPK12		coTF	TCF2	MAPK12	P53778
MAPK14		coTF	TCF2	MAPK14	Q16539
MAPK3		coTF	TCF2	MAPK3	P27361
MDM2		coTF	TCF2	MDM2	Q00987
MDM4		coTF	TCF2	MDM4	O15151
MECP2		coTF	TCF2	MECP2	P51608
MED1		coTF	TCF2	MED1	Q15648
MED12		coTF	TCF2	MED12	Q93074
MED15		coTF	TCF2	MED15	Q96RN5
MED23		coTF	TCF2	MED23	Q9ULK4
MED25		coTF	TCF2	MED25	Q71SY5
MED26		coTF	TCF2	MED26	O95402
MEN1		coTF	TCF2	MEN1	O00255
MIER1		coTF	TCF2	MIER1	Q8N108
MLLT3		coTF	TCF2	MLLT3	P42568
MTA1		coTF	TCF2	MTA1	Q13330
MTA2		coTF	TCF2	MTA2	O94776
MTA3		coTF	TCF2	MTA3	Q9BTC8
MTF2		coTF	TCF2	MTF2	Q9Y483
MUC1		coTF	TCF2	MUC1	P15941
MYBBP1A		coTF	TCF2	MYBBP1A	Q9BQG0
MYOCD		coTF	TCF2	MYOCD	Q8IZQ8
NAB1		coTF	TCF2	NAB1	Q13506
NAB2		coTF	TCF2	NAB2	Q15742
NCOA1		coTF	TCF2	NCOA1	Q15788
NCOA2		coTF	TCF2	NCOA2	Q15596
NCOA3		coTF	TCF2	NCOA3	Q9Y6Q9
NCOA4		coTF	TCF2	NCOA4	Q13772
NCOA6		coTF	TCF2	NCOA6	Q14686
NCOR1		coTF	TCF2	NCOR1	O75376
NCOR2		coTF	TCF2	NCOR2	Q9Y618
NDN		coTF	TCF2	NDN	Q99608
NELFB		coTF	TCF2	NELFB	Q8WX92
NELFCD		coTF	TCF2	NELFCD	Q8IXH7
NFATC2IP		coTF	TCF2	NFATC2IP	Q8NCF5
NFKBIA		coTF	TCF2	NFKBIA	P25963
NFKBIB		coTF	TCF2	NFKBIB	Q15653
NFKBID		coTF	TCF2	NFKBID	Q8NI38
NFKBIE		coTF	TCF2	NFKBIE	O00221
NFKBIZ		coTF	TCF2	NFKBIZ	Q9BYH8
NIPBL		coTF	TCF2	NIPBL	Q6KC79
NME2		coTF	TCF2	NME2	P22392
NONO		coTF	TCF2	NONO	Q15233
NOTCH1		coTF	TCF2	NOTCH1	P46531
NOTCH2		coTF	TCF2	NOTCH2	Q04721
NOTCH3		coTF	TCF2	NOTCH3	Q9UM47
NOTCH4		coTF	TCF2	NOTCH4	Q99466
NPM1		coTF	TCF2	NPM1	P06748
NR0B1		coTF	TCF2	NR0B1	P51843
NR0B2		coTF	TCF2	NR0B2	Q15466
NRG1		coTF	TCF2	NRG1	Q02297
NRIP1		coTF	TCF2	NRIP1	P48552
NUCKS1		coTF	TCF2	NUCKS1	Q9H1E3
NUPR1		coTF	TCF2	NUPR1	O60356
PA2G4		coTF	TCF2	PA2G4	Q9UQ80
PARK7		coTF	TCF2	PARK7	Q99497
PAWR		coTF	TCF2	PAWR	Q96IZ0
PCBD1		coTF	TCF2	PCBD1	P61457
PCGF2		coTF	TCF2	PCGF2	P35227
PELP1		coTF	TCF2	PELP1	Q8IZL8
PER1		coTF	TCF2	PER1	O15534
PER2		coTF	TCF2	PER2	O15055
PEX2		coTF	TCF2	PEX2	P28328
PHF10		coTF	TCF2	PHF10	Q8WUB8
PHF20		coTF	TCF2	PHF20	Q9BVI0
PHF5A		coTF	TCF2	PHF5A	Q7RTV0
PHF8		coTF	TCF2	PHF8	Q9UPP1
PIAS1		coTF	TCF2	PIAS1	O75925
PIAS2		coTF	TCF2	PIAS2	O75928
PIAS3		coTF	TCF2	PIAS3	Q9Y6X2
PIAS4		coTF	TCF2	PIAS4	Q8N2W9
PID1		coTF	TCF2	PID1	Q7Z2X4
PIK3R1		coTF	TCF2	PIK3R1	P27986
PIN1		coTF	TCF2	PIN1	Q13526
PIR		coTF	TCF2	PIR	O00625
PML		coTF	TCF2	PML	P29590
POLR2A		coTF	TCF2	POLR2A	P24928
POU2AF1		coTF	TCF2	POU2AF1	Q16633
PPARGC1A		coTF	TCF2	PPARGC1A	Q9UBK2
PPP1R13L		coTF	TCF2	PPP1R13L	Q8WUF5
PPP3CA		coTF	TCF2	PPP3CA	Q08209
PPP3CB		coTF	TCF2	PPP3CB	P16298
PRKCQ		coTF	TCF2	PRKCQ	Q04759
PRKDC		coTF	TCF2	PRKDC	P78527
PRKAA1		coTF	TCF2	PRKAA1	Q13131
PRMT5		coTF	TCF2	PRMT5	O14744
PTEN		coTF	TCF2	PTEN	P60484
PTTG1		coTF	TCF2	PTTG1	O95997
RAI1		coTF	TCF2	RAI1	Q7Z5J4
RB1		coTF	TCF2	RB1	P06400
RB1CC1		coTF	TCF2	RB1CC1	Q8TDY2
RBBP7		coTF	TCF2	RBBP7	Q16576
RBBP8		coTF	TCF2	RBBP8	Q99708
RBL1		coTF	TCF2	RBL1	P28749
RBL2		coTF	TCF2	RBL2	Q08999
RBMX		coTF	TCF2	RBMX	P38159
RCOR1		coTF	TCF2	RCOR1	Q9UKL0
RCOR2		coTF	TCF2	RCOR2	Q8IZ40
RERE		coTF	TCF2	RERE	Q9P2R6
RFXAP		coTF	TCF2	RFXAP	O00287
RNF14		coTF	TCF2	RNF14	Q9UBS8
RNF141		coTF	TCF2	RNF141	Q8WVD5
RNF2		coTF	TCF2	RNF2	Q99496
RUNX1T1		coTF	TCF2	RUNX1T1	Q06455
RUVBL1		coTF	TCF2	RUVBL1	Q9Y265
SCAND1		coTF	TCF2	SCAND1	P57086
SENP2		coTF	TCF2	SENP2	Q9HC62
SERTAD1		coTF	TCF2	SERTAD1	Q9UHV2
SETD2		coTF	TCF2	SETD2	Q9BYW2
SF1		coTF	TCF2	SF1	Q15637
SIN3A		coTF	TCF2	SIN3A	Q96ST3
SIN3B		coTF	TCF2	SIN3B	O75182
SIRT1		coTF	TCF2	SIRT1	Q96EB6
SIRT2		coTF	TCF2	SIRT2	Q8IXJ6
SIRT3		coTF	TCF2	SIRT3	Q9NTG7
SKAP1		coTF	TCF2	SKAP1	Q86WV1
SMARCA2		coTF	TCF2	SMARCA2	P51531
SMARCA4		coTF	TCF2	SMARCA4	P51532
SMARCA5		coTF	TCF2	SMARCA5	O60264
SMARCB1		coTF	TCF2	SMARCB1	Q12824
SMARCC1		coTF	TCF2	SMARCC1	Q92922
SMARCC2		coTF	TCF2	SMARCC2	Q8TAQ2
SMARCD3		coTF	TCF2	SMARCD3	Q6STE5
SMARCE1		coTF	TCF2	SMARCE1	Q969G3
SMURF2		coTF	TCF2	SMURF2	Q9HAU4
SND1		coTF	TCF2	SND1	Q7KZF4
SNIP1		coTF	TCF2	SNIP1	Q8TAD8
SNW1		coTF	TCF2	SNW1	Q13573
SORBS3		coTF	TCF2	SORBS3	O60504
SPEN		coTF	TCF2	SPEN	Q96T58
SQSTM1		coTF	TCF2	SQSTM1	Q13501
SRCAP		coTF	TCF2	SRCAP	Q6ZRS2
SRSF2		coTF	TCF2	SRSF2	Q01130
SSX2		coTF	TCF2	SSX2	Q16385
SUPT20H		coTF	TCF2	SUPT20H	Q8NEM7
SUPT3H		coTF	TCF2	SUPT3H	O75486
SUPT5H		coTF	TCF2	SUPT5H	O00267
SUV39H1		coTF	TCF2	SUV39H1	O43463
SUZ12		coTF	TCF2	SUZ12	Q15022
TADA2A		coTF	TCF2	TADA2A	O75478
TAF1		coTF	TCF2	TAF1	P21675
TAF4		coTF	TCF2	TAF4	O00268
TAF5		coTF	TCF2	TAF5	Q15542
TBL1X		coTF	TCF2	TBL1X	O60907
TBL1XR1		coTF	TCF2	TBL1XR1	Q9BZK7
TBP		coTF	TCF2	TBP	P20226
TBPL1		coTF	TCF2	TBPL1	P62380
TBPL2		coTF	TCF2	TBPL2	Q6SJ96
TCEA1		coTF	TCF2	TCEA1	P23193
TCF20		coTF	TCF2	TCF20	Q9UGU0
TGFB1		coTF	TCF2	TGFB1	P01137
TGFB1I1		coTF	TCF2	TGFB1I1	O43294
TIAL1		coTF	TCF2	TIAL1	Q01085
TLE3		coTF	TCF2	TLE3	Q04726
TLE4		coTF	TCF2	TLE4	Q04727
TOB1		coTF	TCF2	TOB1	P50616
TOX2		coTF	TCF2	TOX2	Q96NM4
TOX3		coTF	TCF2	TOX3	O15405
TP53BP1		coTF	TCF2	TP53BP1	Q12888
TRAF6		coTF	TCF2	TRAF6	Q9Y4K3
TRERF1		coTF	TCF2	TRERF1	Q96PN7
TRIB3		coTF	TCF2	TRIB3	Q96RU7
TRIM16		coTF	TCF2	TRIM16	O95361
TRIM22		coTF	TCF2	TRIM22	Q8IYM9
TRIM24		coTF	TCF2	TRIM24	O15164
TRIM25		coTF	TCF2	TRIM25	Q14258
TRIM28		coTF	TCF2	TRIM28	Q13263
TRIP6		coTF	TCF2	TRIP6	Q15654
TRRAP		coTF	TCF2	TRRAP	Q9Y4A5
TSG101		coTF	TCF2	TSG101	Q99816
TTF2		coTF	TCF2	TTF2	Q9UNY4
UHRF1		coTF	TCF2	UHRF1	Q96T88
URI1		coTF	TCF2	URI1	O94763
UTF1		coTF	TCF2	UTF1	Q5T230
VEGFA		coTF	TCF2	VEGFA	P15692
VHL		coTF	TCF2	VHL	P40337
WDR5		coTF	TCF2	WDR5	P61964
WDR77		coTF	TCF2	WDR77	Q9BQA1
WNT3A		coTF	TCF2	WNT3A	P56704
WWP1		coTF	TCF2	WWP1	Q9H0M0
WWTR1		coTF	TCF2	WWTR1	Q9GZV5
XPC		coTF	TCF2	XPC	Q01831
XRCC6		coTF	TCF2	XRCC6	P12956
YAP1		coTF	TCF2	YAP1	P46937
YLPM1		coTF	TCF2	YLPM1	P49750
ZFP36L1		coTF	TCF2	ZFP36L1	Q07352
ZFPM1		coTF	TCF2	ZFPM1	Q8IX07
ZFPM2		coTF	TCF2	ZFPM2	Q8WW38
ZMIZ1		coTF	TCF2	ZMIZ1	Q9ULJ6
ZMYND11		coTF	TCF2	ZMYND11	Q15326
ZNF410		coTF	TCF2	ZNF410	Q86VK4
ZNF451		coTF	TCF2	ZNF451	Q9Y4E5
ZNF653		coTF	TCF2	ZNF653	Q96CK0
ZXDA		coTF	TCF2	ZXDA	P98168
ZXDC		coTF	TCF2	ZXDC	Q2QGD7
AATF		coTF	TCF2	AATF	Q9NY61
		coTF	TCF2	MRTFA	Q969V6
FRK		coTF	TCF2	FRK	P42685
FUS		coTF	TCF2	FUS	P35637
GSK3B		coTF	TCF2	GSK3B	P49841
GTF2A1		coTF	TCF2	GTF2A1	P52655
GTF2B		coTF	TCF2	GTF2B	Q00403
GTF2F1		coTF	TCF2	GTF2F1	P35269
H2AFY2	MACROH2A2	coTF	TCF2	MACROH2A2	Q9P0M6
HAX1		coTF	TCF2	HAX1	O00165
AIRE		coTF_putative	TCF2	AIRE	O43918
AKNA		coTF_putative	TCF2	AKNA	Q7Z591
ARID3B		coTF_putative	TCF2	ARID3B	Q8IVW6
ARID4A		coTF_putative	TCF2	ARID4A	P29374
ARID4B		coTF_putative	TCF2	ARID4B	Q4LE39
ASXL2		coTF_putative			
BAP1		coTF_putative			
BARD1		coTF_putative			
BCCIP		coTF_putative			
CNOT4		coTF_putative	TCF2	CNOT4	O95628
DEDD		coTF_putative			
DNAJC1		coTF_putative	TCF2	DNAJC1	Q96KC8
DNAJC2		coTF_putative	TCF2	DNAJC2	Q99543
DNMT3L		coTF_putative	TCF2	DNMT3L	Q9UJW3
FAM170A		coTF_putative	TCF2	FAM170A	A1A519
HMBOX1		coTF_putative	TCF2	HMBOX1	Q6NT76
HMG20B		coTF_putative	TCF2	HMG20B	Q9P0W2
HMGXB3		coTF_putative	TCF2	HMGXB3	Q12766
HOPX		coTF_putative	TCF2	HOPX	Q9BPY8
ID1		coTF_putative	TCF2	ID1	P41134
ID2		coTF_putative	TCF2	ID2	Q02363
ID3		coTF_putative	TCF2	ID3	Q02535
ID4		coTF_putative	TCF2	ID4	P47928
ING2		coTF_putative			
JARID2		coTF_putative	TCF2	JARID2	Q92833
L3MBTL1		coTF_putative	TCF2	L3MBTL1	Q9Y468
LIN28A		coTF_putative	TCF2	LIN28A	Q9H9Z2
MBD1		coTF_putative	TCF2	MBD1	Q9UIS9
MBD2		coTF_putative	TCF2	MBD2	Q9UBB5
MBD3		coTF_putative	TCF2	MBD3	O95983
MSI2		coTF_putative			
NEAT1		coTF_putative			
NF1		coTF_putative	TCF2	NF1	P21359
PBRM1		coTF_putative	TCF2	PBRM1	Q86U86
PLAC8		coTF_putative			
PRDM10		coTF_putative	TCF2	PRDM10	Q9NQV6
PRDM13		coTF_putative	TCF2	PRDM13	Q9H4Q3
PRDM14		coTF_putative	TCF2	PRDM14	Q9GZV8
PRDM8		coTF_putative	TCF2	PRDM8	Q9NQV8
PREB		coTF_putative	TCF2	PREB	Q9HCU5
REPIN1		coTF_putative	TCF2	REPIN1	Q9BWE0
RFXANK		coTF_putative	TCF2	RFXANK	O14593
SETBP1		coTF_putative	TCF2	SETBP1	Q9Y6X0
SFPQ		coTF_putative	TCF2	SFPQ	P23246
SMAD6		coTF_putative	TCF2	SMAD6	O43541
SMAD7		coTF_putative	TCF2	SMAD7	O15105
SMARCA1		coTF_putative	TCF2	SMARCA1	P28370
SNAPC4		coTF_putative	TCF2	SNAPC4	Q5SXM2
SON		coTF_putative	TCF2	SON	P18583
SSRP1		coTF_putative	TCF2	SSRP1	Q08945
TET1		coTF_putative	TCF2	TET1	Q8NFU7
TET2		coTF_putative	TCF2	TET2	Q6N021
TFAM		coTF_putative	TCF2	TFAM	Q00059
TFDP3		coTF_putative	TCF2	TFDP3	Q5H9I0
THAP12		coTF_putative	TCF2	THAP12	O43422
THAP7		coTF_putative	TCF2	THAP7	Q9BT49
THAP9		coTF_putative	TCF2	THAP9	Q9H5L6
TOX		coTF_putative	TCF2	TOX	O94900
TSC22D1		coTF_putative	TCF2	TSC22D1	Q15714
TTF1		coTF_putative	TCF2	TTF1	Q15361
UBTF		coTF_putative	TCF2	UBTF	P17480
YBX1		coTF_putative	TCF2	YBX1	P67809
YBX2		coTF_putative	TCF2	YBX2	Q9Y2T7
YBX3		coTF_putative	TCF2	YBX3	P16989
ZBTB44		coTF_putative	TCF2	ZBTB44	Q8NCP5
ZFP64		coTF_putative	TCF2	ZFP64	Q9NTW7
ZNF277		coTF_putative	TCF2	ZNF277	Q9NRM2
ZNF335		coTF_putative	TCF2	ZNF335	Q9H4Z2
ZNF513		coTF_putative	TCF2	ZNF513	Q8N8E2
ZNF804A		coTF_putative	TCF2	ZNF804A	Q7Z570
ZNHIT1		coTF_putative			
GATAD2B		coTF_putative	TCF2	GATAD2B	Q8WXI9
GTF3A		coTF_putative	TCF2	GTF3A	Q92664
ACVR1		none			
ACVR2A		none			
ACVRL1		none			
AFF4		none	TCF2	AFF4	Q9UHB7
AGTR1		none			
AHI1		none			
ANGPT1		none			
APC		none			
APP		none	TCF2	APP	P05067
ASPM		none			
ATM		none	TCF2	ATM	Q13315
BAX		none			
BCAR1		none			
BIN1		none	TCF2	BIN1	O00499
BMP2		none	TCF2	BMP2	P12643
BMP3		none			
BMP4		none	TCF2	BMP4	P12644
BMP5		none			
BMP6		none			
BMP7		none	TCF2	BMP7	P18075
BMPR1A		none	TCF2	BMPR1A	P36894
BMPR1B		none			
BMPR2		none			
BRAF		none			
BTBD3		none	TCF2	BTBD3	Q9Y2F9
CCL3		none			
CD27		none			
CD40		none	TCF2	CD40	P25942
CD79A		none			
CDKN1A		none	TCF2	CDKN1A	P38936
CDKN2A		none	TCF2	CDKN2A	P42771
CDKN2AIP		none			
CDR2		none	TCF2	CDR2	Q01850
CELA1		none			
CRH		none			
CRP		none			
CRTC3		none	TCF2	CRTC3	Q6UUV7
CSF2		none			
CTF1		none			
CTNNBL1		none	TCF2	CTNNBL1	Q8WYA6
CXCL1		none			
DCN		none			
DDB1		none	TCF2	DDB1	Q16531
DDB2		none	TCF2	DDB2	Q92466
DDRGK1		none	TCF2	DDRGK1	Q96HY6
DDX41		none			
DENND4A		none	TCF2	DENND4A	Q7Z401
DIDO1		none	TCF2	DIDO1	Q9BTC0
DKK1		none			
DLK1		none			
DLL1		none			
DLL4		none			
EDN1		none	TCF2	EDN1	P05305
EEF1D		none			
EGF		none			
EIF2AK1		none			
EIF2S1		none			
EPCAM		none			
EPO		none			
ERBB3		none			
F11		none			
FARP2		none			
FASN		none			
FBN1		none	TCF2	FBN1	P35555
FGF4		none			
FGF8		none			
FGF9		none			
FGFR3		none			
FLCN		none			
FLT1		none			
FLT3		none			
FNIP2		none			
FREM1		none			
FUBP1		none	TCF2	FUBP1	Q96AE4
FUBP3		none	TCF2	FUBP3	Q96I24
FZD5		none			
FZD8		none			
FZD9		none			
GABPB1		none	TCF2	GABPB1	Q06547
GABPB2		none	TCF2	GABPB2	Q8TAK5
GAS7		none	TCF2	GAS7	O60861
GCFC2		none	TCF2	GCFC2	P16383
GDF2		none			
GDF5		none			
GDNF		none			
GREM1		none	TCF2	GREM1	O60565
GRIN1		none			
H2AFY	MACROH2A1	none	TCF2	MACROH2A1	O75367
HBA1		none			
HBA2		none			
HBB		none			
HBZ		none			
HEXB		none			
HFE2	HJV	none			
HIST1H1E		none			
HIST1H4B		none			
HMGN1		none	TCF2	HMGN1	P05114
HNRNPR		none			
IER2		none	TCF2	IER2	Q9BTL4
IER3		none			
IFNA2		none			
IFNB1		none	TCF2	IFNB1	P01574
IFNG		none			
IGF1		none			
IGF1R		none			
IL10		none	TCF2	IL10	P22301
IL17A		none			
IL18		none			
IL1A		none			
IL1B		none	TCF2	IL1B	P01584
IL2		none			
IL21		none			
IL4		none	TCF2	IL4	P05112
IL6		none	TCF2	IL6	P05231
ILF3		none	TCF2	ILF3	Q12906
INS		none	TCF2	INS	P01308
KHSRP		none	TCF2	KHSRP	Q92945
KSR1		none			
LATS1		none			
LATS2		none			
LIF		none			
LMO3		none	TCF2	LMO3	Q8TAP4
LMO4		none	TCF2	LMO4	P61968
LUM		none			
MACC1		none	TCF2	MACC1	Q6ZN28
MAL		none			
MC1R		none			
MCM2		none			
MCM5		none	TCF2	MCM5	P33992
MCPH1		none	TCF2	MCPH1	Q8NEM0
MIF		none			
MLLT10		none	TCF2	MLLT10	P55197
MN1		none	TCF2	MN1	Q10571
MYEF2		none	TCF2	MYEF2	Q9P2K5
NFAM1		none	TCF2	NFAM1	Q8NET5
NFKBIL1		none	TCF2	NFKBIL1	Q9UBC1
NFRKB		none	TCF2	NFRKB	Q6P4R8
NGF		none			
NODAL		none	TCF2	NODAL	Q96S42
NOG		none			
NTF3		none			
NVL		none			
OSM		none			
OTUD7B		none			
PAG1		none			
PARK2		none			
PARP1		none	TCF2	PARP1	P09874
PAXBP1		none	TCF2	PAXBP1	Q9Y5B6
PDCD11		none			
PEG10		none			
PGS1		none	TCF2	PGS1	Q32NB8
PHB2		none	TCF2	PHB2	Q99623
PHF6		none	TCF2	PHF6	Q8IWS0
PKD2		none			
PMP22		none			
POLR1A		none			
POLR2B		none	TCF2	POLR2B	P30876
POMC		none			
PPP3CC		none			
PRL		none			
PTMA		none			
PTX3		none			
RAD51		none	TCF2	RAD51	Q06609
RFWD2		none			
RGMA		none			
RNF112		none	TCF2	RNF112	Q9ULX5
ROCK1		none			
ROCK2		none			
RPS3		none			
SCD5		none			
SCGB1A1		none			
SEC14L2		none			
SGSM1		none			
SH2B3		none			
SHH		none	TCF2	SHH	Q15465
SLA2		none			
SMCR8		none			
SMG6		none			
SMO		none	TCF2	SMO	Q99835
SPRY4		none			
SRPK2		none			
SRSF1		none			
SRSF11		none			
SSB		none	TCF2	SSB	P05455
SUGP1		none			
TAFAZZIN		none			
TBC1D22A		none			
TCF19		none	TCF2	TCF19	Q9Y242
TEK		none			
TFPT		none			
TGFB2		none			
TMEM173		none			
TMPRSS6		none			
TNF		none	TCF2	TNF	P01375
TNFAIP3		none	TCF2	TNFAIP3	P21580
TOP2B		none	TCF2	TOP2B	Q02880
TRPV1		none			
TRPV4		none			
TSC22D3		none	TCF2	TSC22D3	Q99576
TSHB		none			
TXK		none	TCF2	TXK	P42681
UCN		none			
UPF1		none			
UPF2		none			
USP6		none			
VEPH1		none			
WHSC1		none			
WNT1		none	TCF2	WNT1	P04628
WNT10B		none	TCF2	WNT10B	O00744
WNT2		none	TCF2	WNT2	P09544
WNT7A		none			
XRCC5		none	TCF2	XRCC5	P13010
YEATS4		none	TCF2	YEATS4	O95619
ZFP36		none	TCF2	ZFP36	P26651
ZNRD1		none			
